dataset,explainer,model,rho,perc_d_1,count,success_count,success_rate,sparsity,proximity,correlation_preservation,gen_time,inf_time,shape_deviation,time_candidate_selection,time_priority,time_full,time_fallback,num_model_calls,num_shape_tests,shape_preserved_count,shape_preserved_rate,phase_priority_count,phase_priority_rate,phase_full_count,phase_full_rate,phase_fallback_count,phase_fallback_rate,phase_none_count,phase_none_rate
HNEI,CESA,HNEI_HNEI_CoxPH,0.3333333333333333,0.05,639,577,0.9029733959311425,0.7863332508046545,5094.151432214674,2.308689022293684,0.1097025331666366,0.0021382126363197,0.3280739179628667,0.0730934690070882,0.0098987856569725,0.0004010862079481,0.0,25.454072790294628,0.0,569.0,0.9861351819757366,567,0.9826689774696707,0,0.0,10,0.0173310225303292,0,0.0
HNEI,CESA,HNEI_HNEI_CoxPH,0.3333333333333333,0.1,639,544,0.8513302034428795,0.7854516806722689,5407.863250439526,2.417761692159287,0.1104354101489929,0.0021799590459148,0.3020558797821515,0.0734077788715962,0.0112940897683449,0.0001368671820166,0.0,25.954044117647054,0.0,535.0,0.9834558823529412,536,0.9852941176470588,0,0.0,8,0.0147058823529411,0,0.0
HNEI,CESA,HNEI_HNEI_CoxPH,0.3333333333333333,0.25,639,474,0.7417840375586855,0.689873417721519,6269.66106209131,2.652991258918388,0.1105908055657512,0.0021775555777273,0.2468002053563594,0.0698196042697721,0.0167454128437108,0.0015093179472809,0.0,29.30168776371308,0.0,467.0,0.9852320675105484,439,0.9261603375527426,0,0.0,35,0.0738396624472573,0,0.0
HNEI,CESA,HNEI_HNEI_CoxPH,0.3333333333333333,0.5,639,304,0.4757433489827856,0.6278195488721805,10902.843399972107,3.096210371220333,0.1106209987764439,0.0021568569142178,0.3284823779500703,0.0673798483589723,0.0201977032800067,0.0023680449870593,0.0,31.463815789473685,0.0,298.0,0.9802631578947368,280,0.9210526315789472,0,0.0,24,0.0789473684210526,0,0.0
HNEI,CESA,HNEI_HNEI_CoxPH,0.6666666666666666,0.05,639,354,0.5539906103286385,0.7441485068603713,8484.373972258465,2.2722347841446333,0.1088763971525355,0.002179285050646,0.3248293498688272,0.0715937593899697,0.013049621887092,0.0002762153643574,0.0,26.793785310734464,0.0,348.0,0.9830508474576272,351,0.9915254237288136,0,0.0,3,0.0084745762711864,0,0.0
HNEI,CESA,HNEI_HNEI_CoxPH,0.6666666666666666,0.1,639,348,0.5446009389671361,0.7261904761904762,9435.799932669635,2.377830454743435,0.1056914518706633,0.0021862542617081,0.3968434940602298,0.0694165920835201,0.0140518611402387,0.000265722962666,0.0,27.344827586206897,0.0,341.0,0.9798850574712644,344,0.9885057471264368,0,0.0,4,0.0114942528735632,0,0.0
HNEI,CESA,HNEI_HNEI_CoxPH,0.6666666666666666,0.25,639,310,0.4851330203442879,0.6147465437788018,11275.490303226705,2.773805350155916,0.1055203931421631,0.002176055903246,0.3918942018394463,0.0656052006905684,0.0193311883931352,0.0019214603805824,0.0,30.76451612903226,0.0,304.0,0.9806451612903224,287,0.9258064516129032,0,0.0,23,0.0741935483870967,0,0.0
HNEI,CESA,HNEI_HNEI_CoxPH,0.6666666666666666,0.5,639,200,0.3129890453834116,0.5021428571428571,19775.967461234904,3.214064757868126,0.1032083439396228,0.0021748600996215,0.6369345818658333,0.0623288100695936,0.0231491306248062,0.0022038930450071,0.0,32.75,0.0,194.0,0.97,183,0.915,0,0.0,17,0.085,0,0.0
HNEI,CESA,HNEI_HNEI_CoxPH,change_point,0.05,639,625,0.9780907668231612,0.8116571428571427,4693.493419299817,2.239131569641565,0.1227950774063822,0.0021779879633802,0.5003508925376322,0.0773154077892424,0.0148344973299186,2.0745966397225856e-05,0.0,27.7184,0.0,600.0,0.96,623,0.9968,0,0.0,2,0.0032,0,0.0
HNEI,CESA,HNEI_HNEI_CoxPH,change_point,0.1,639,611,0.9561815336463224,0.7865326163198504,4871.578028266948,2.4541307699870365,0.1227752575009907,0.0021765394488651,0.5036054083023266,0.0752106640134614,0.0186039615155646,0.0001874580376454,0.0,29.62193126022913,0.0,586.0,0.9590834697217676,606,0.9918166939443536,0,0.0,5,0.0081833060556464,0,0.0
HNEI,CESA,HNEI_HNEI_CoxPH,change_point,0.25,639,519,0.812206572769953,0.6751995595926231,6634.040669210705,3.053414156451584,0.1229769683371848,0.0021735459225394,0.5436186683362176,0.0709520641792898,0.0248219707414601,0.0016496902390197,0.0,33.58188824662813,0.0,494.0,0.9518304431599228,471,0.907514450867052,0,0.0,48,0.0924855491329479,0,0.0
HNEI,CESA,HNEI_HNEI_CoxPH,change_point,0.5,639,305,0.4773082942097026,0.5854800936768151,9854.245862267306,3.472279719523975,0.1301267528528591,0.0021777693540541,0.6971915263601136,0.0696389790564264,0.0332618144692444,0.0016135583672725,0.0,37.97049180327869,0.0,282.0,0.9245901639344264,279,0.9147540983606556,0,0.0,26,0.0852459016393442,0,0.0
HNEI,CESA,HNEI_HNEI_DeepHIT,0.3333333333333333,0.05,134,134,1.0,0.8571428571428571,15452.791407289946,1.927113719304908,0.1809728262538121,0.0033688569698159,0.0036388944044381,0.1261880320677996,0.0100298244992632,0.0,0.0,23.58208955223881,0.0,134.0,1.0,134,1.0,0,0.0,0,0.0,0,0.0
HNEI,CESA,HNEI_HNEI_DeepHIT,0.3333333333333333,0.1,134,134,1.0,0.8571428571428571,15462.99985624352,1.928979211619693,0.2270072293658949,0.0034614603209774,0.0036385790617437,0.1646393953286956,0.0113335662614163,0.0,0.0,23.56716417910448,0.0,134.0,1.0,134,1.0,0,0.0,0,0.0,0,0.0
HNEI,CESA,HNEI_HNEI_DeepHIT,0.3333333333333333,0.25,134,134,1.0,0.8571428571428571,15460.815668239997,1.9188481822208208,0.2142896125002533,0.0039885210225388,0.0036370349010382,0.1531103079030446,0.0119787628281124,0.0,0.0,23.64179104477612,0.0,134.0,1.0,134,1.0,0,0.0,0,0.0,0,0.0
HNEI,CESA,HNEI_HNEI_DeepHIT,0.3333333333333333,0.5,134,134,1.0,0.8571428571428571,16205.338200876637,1.9661139885227108,0.238772418291665,0.0040150226795144,0.0036384435755828,0.1748701975968233,0.012471835552163,0.0,0.0,23.65671641791045,0.0,134.0,1.0,134,1.0,0,0.0,0,0.0,0,0.0
HNEI,CESA,HNEI_HNEI_DeepHIT,0.6666666666666666,0.05,288,283,0.9826388888888888,0.7607269056032308,20517.30456086153,2.534027071906241,0.2000292905473871,0.0043605563778231,0.0038744803758265,0.1432942633780666,0.0233285807203929,5.2628271502209e-07,0.0,26.63957597173145,0.0,283.0,1.0,281,0.9929328621908128,0,0.0,2,0.0070671378091872,0,0.0
HNEI,CESA,HNEI_HNEI_DeepHIT,0.6666666666666666,0.1,288,283,0.9826388888888888,0.7511357900050479,23373.210083547256,2.587000917076441,0.1952554619188836,0.0046800543536027,0.00386992122603,0.1389404676293924,0.0242239109930222,3.8881063559619125e-05,0.0,26.80565371024735,0.0,283.0,1.0,280,0.9893992932862192,0,0.0,3,0.0106007067137809,0,0.0
HNEI,CESA,HNEI_HNEI_DeepHIT,0.6666666666666666,0.25,288,283,0.9826388888888888,0.7324583543664815,25742.08003889993,2.6704697246083686,0.2014221055408986,0.0046857379573519,0.0036894118535539,0.1427200737845542,0.0253259720817696,1.5241272053138316e-05,0.0,26.8904593639576,0.0,283.0,1.0,280,0.9893992932862192,0,0.0,3,0.0106007067137809,0,0.0
HNEI,CESA,HNEI_HNEI_DeepHIT,0.6666666666666666,0.5,288,282,0.9791666666666666,0.7213779128672746,26202.32314095341,2.70232284823241,0.1925397320569089,0.0046333778111457,0.0036993078558749,0.1377667753724175,0.0240472290572129,5.077553338351402e-07,0.0,26.875886524822697,0.0,282.0,1.0,279,0.9893617021276596,0,0.0,3,0.0106382978723404,0,0.0
HNEI,CESA,HNEI_HNEI_DeepHIT,change_point,0.05,205,192,0.9365853658536586,0.796875,20418.841460846998,2.03078790364964,0.1963198159586833,0.0043843692246052,0.0074821811603002,0.1499870196657866,0.0126594040155699,8.394114653735111e-07,0.0,24.338541666666668,0.0,192.0,1.0,189,0.984375,0,0.0,3,0.015625,0,0.0
HNEI,CESA,HNEI_HNEI_DeepHIT,change_point,0.1,205,191,0.9317073170731708,0.7973074046372476,21184.52473963104,2.0485919064345155,0.1996868700567689,0.0042295003870894,0.0075222516878638,0.1530181041102568,0.0132904640362044,8.492407825390238e-07,0.0,24.38219895287958,0.0,191.0,1.0,188,0.9842931937172776,0,0.0,3,0.0157068062827225,0,0.0
HNEI,CESA,HNEI_HNEI_DeepHIT,change_point,0.25,205,191,0.9317073170731708,0.7943156320119671,21395.558077475085,2.069927319135947,0.1975877879164456,0.004079406036089,0.0075222524192387,0.1510801493245541,0.0130064841260047,1.7958167508849144e-05,0.0,24.42408376963351,0.0,191.0,1.0,187,0.9790575916230366,0,0.0,4,0.0209424083769633,0,0.0
HNEI,CESA,HNEI_HNEI_DeepHIT,change_point,0.5,205,189,0.9219512195121952,0.7747543461829176,23738.355243494167,2.237239934174465,0.1972058371221277,0.0045050895021718,0.0076041116297394,0.1498642036399191,0.0137462679474742,0.0001267350581228,0.0,24.61904761904762,0.0,189.0,1.0,184,0.9735449735449736,0,0.0,5,0.0264550264550264,0,0.0
HNEI,CESA,HNEI_HNEI_GradientBoostingSurvival,0.3333333333333333,0.05,158,152,0.9620253164556962,0.375,51106.20270635444,4.951749884421214,0.1987311248618712,0.0028797575724686,2.7649461684813885,0.0835836083150704,0.0603862913155209,0.0,0.0,51.63815789473684,0.0,60.0,0.3947368421052631,152,1.0,0,0.0,0,0.0,0,0.0
HNEI,CESA,HNEI_HNEI_GradientBoostingSurvival,0.3333333333333333,0.1,158,151,0.9556962025316456,0.36140018921475875,51444.60951264573,5.043409177417134,0.1944718619475884,0.0029324330461777,2.775744289324743,0.0833794781458271,0.056820205033877,0.0,0.0,50.29139072847682,0.0,59.0,0.390728476821192,151,1.0,0,0.0,0,0.0,0,0.0
HNEI,CESA,HNEI_HNEI_GradientBoostingSurvival,0.3333333333333333,0.25,158,147,0.930379746835443,0.3459669582118562,48962.815967725466,5.125234213425631,0.1742355055316291,0.0029546485584804,2.812837639033838,0.0793942340133318,0.0438993675777804,0.0,0.0,46.44897959183673,0.0,55.0,0.3741496598639456,147,1.0,0,0.0,0,0.0,0,0.0
HNEI,CESA,HNEI_HNEI_GradientBoostingSurvival,0.3333333333333333,0.5,158,135,0.8544303797468354,0.2740740740740741,61202.52581517655,5.6051565893178985,0.1432155849116733,0.0029646477480936,2.895282716633715,0.0725068821340014,0.0241250436743333,0.0010035476962069,0.0,41.2962962962963,0.0,48.0,0.3555555555555555,126,0.9333333333333332,0,0.0,9,0.0666666666666666,0,0.0
HNEI,CESA,HNEI_HNEI_GradientBoostingSurvival,0.6666666666666666,0.05,158,152,0.9620253164556962,0.3656015037593985,51319.39823310476,5.058788633299756,0.163478644631476,0.0029819887962443,2.759305273847381,0.0779262503415099,0.0373527953753708,0.0,0.0,44.00657894736842,0.0,60.0,0.3947368421052631,152,1.0,0,0.0,0,0.0,0,0.0
HNEI,CESA,HNEI_HNEI_GradientBoostingSurvival,0.6666666666666666,0.1,158,148,0.9367088607594936,0.35617760617760613,52006.60149747234,5.112387667216057,0.1479236661497624,0.0029563671222776,2.801046706712434,0.0740683981894108,0.0281621534127594,0.0002171925540047,0.0,41.648648648648646,0.0,56.0,0.3783783783783784,147,0.9932432432432432,0,0.0,1,0.0067567567567567,0,0.0
HNEI,CESA,HNEI_HNEI_GradientBoostingSurvival,0.6666666666666666,0.25,158,142,0.8987341772151899,0.30985915492957744,52359.05403188063,5.35338582503412,0.1308418666969732,0.0029615372400706,2.7360384785748137,0.0712931218315621,0.0167791386619439,0.0004099551196829,0.0,38.070422535211264,0.0,56.0,0.3943661971830985,137,0.9647887323943662,0,0.0,5,0.0352112676056338,0,0.0
HNEI,CESA,HNEI_HNEI_GradientBoostingSurvival,0.6666666666666666,0.5,158,87,0.5506329113924051,0.23973727422003283,43975.81238621576,5.692130653060997,0.1250152204472748,0.0029789789647717,2.5175110835269976,0.0702477962072355,0.0147775153561907,0.0019717063107822,0.0,36.95402298850575,0.0,39.0,0.4482758620689655,77,0.8850574712643678,0,0.0,10,0.1149425287356321,0,0.0
HNEI,CESA,HNEI_HNEI_GradientBoostingSurvival,change_point,0.05,158,151,0.9556962025316456,0.3632923368022705,51332.58902969254,5.009628372411124,0.205467940211976,0.0029690917880067,2.777984509033644,0.0863502194384299,0.0623433272517556,0.0,0.0,51.64900662251656,0.0,59.0,0.390728476821192,151,1.0,0,0.0,0,0.0,0,0.0
HNEI,CESA,HNEI_HNEI_GradientBoostingSurvival,change_point,0.1,158,148,0.9367088607594936,0.3552123552123553,54310.15091187011,5.082121191114917,0.2004184456554129,0.0029822369588883,2.810415933404128,0.0852712643172708,0.0588577554196023,0.0,0.0,50.77702702702703,0.0,56.0,0.3783783783783784,148,1.0,0,0.0,0,0.0,0,0.0
HNEI,CESA,HNEI_HNEI_GradientBoostingSurvival,change_point,0.25,158,142,0.8987341772151899,0.32092555331991957,50270.45295298463,5.306857673054254,0.1822191078302329,0.0029997682045369,2.875456238648239,0.0815007925350432,0.0471425631612745,6.091250707215013e-05,0.0,47.58450704225352,0.0,50.0,0.352112676056338,141,0.9929577464788732,0,0.0,1,0.0070422535211267,0,0.0
HNEI,CESA,HNEI_HNEI_GradientBoostingSurvival,change_point,0.5,158,121,0.7658227848101266,0.2632821723730815,49429.52408781278,5.561196248827871,0.156421821420841,0.0030164654381825,3.132126549940769,0.0748466284551623,0.0285391197933128,0.0009776284792633,0.0,43.83471074380165,0.0,34.0,0.2809917355371901,113,0.9338842975206612,0,0.0,8,0.0661157024793388,0,0.0
HNEI,CESA,HNEI_HNEI_RSF,0.3333333333333333,0.05,86,86,1.0,0.8571428571428571,20458.807851750866,1.4825385242092592,0.407619474662656,0.0130942497081949,0.0305832835451049,0.3128657497448351,0.0474702778489255,0.0,0.0,25.15116279069768,0.0,86.0,1.0,86,1.0,0,0.0,0,0.0,0,0.0
HNEI,CESA,HNEI_HNEI_RSF,0.3333333333333333,0.1,86,86,1.0,0.8571428571428571,24166.369747202192,1.5564553249885795,0.4088557494654006,0.0131786679535993,0.0306551373824262,0.3160363848143133,0.0440268093020571,0.0,0.0,24.86046511627907,0.0,86.0,1.0,86,1.0,0,0.0,0,0.0,0,0.0
HNEI,CESA,HNEI_HNEI_RSF,0.3333333333333333,0.25,86,86,1.0,0.8554817275747508,27421.58426153264,1.7597693671949166,0.4170371647793894,0.0133341988834598,0.030655137382426,0.3161980122670282,0.0527442074067779,0.0,0.0,25.511627906976745,0.0,86.0,1.0,86,1.0,0,0.0,0,0.0,0,0.0
HNEI,CESA,HNEI_HNEI_RSF,0.3333333333333333,0.5,86,86,1.0,0.7707641196013288,34344.70569130471,2.312114305059961,0.459471239684844,0.0131949843829673,0.0299263481357998,0.3174168716278198,0.0935187005579368,0.0,0.0,28.593023255813957,0.0,86.0,1.0,86,1.0,0,0.0,0,0.0,0,0.0
HNEI,CESA,HNEI_HNEI_RSF,0.6666666666666666,0.05,122,88,0.7213114754098361,0.7613636363636365,57801.50667863397,2.469983231440401,0.3917826090338084,0.0132161974653916,0.0224657627028015,0.2988065084537084,0.0607452342269839,0.0019268065569287,0.0,26.53409090909091,0.0,88.0,1.0,83,0.9431818181818182,0,0.0,5,0.0568181818181818,0,0.0
HNEI,CESA,HNEI_HNEI_RSF,0.6666666666666666,0.1,122,88,0.7213114754098361,0.7288961038961039,61957.47309065066,2.523977725110681,0.4017822036358583,0.0131651408062845,0.0217487816660086,0.2983637879320172,0.0700650365471863,0.0028995173182589,0.0,27.34090909090909,0.0,88.0,1.0,81,0.9204545454545454,0,0.0,7,0.0795454545454545,0,0.0
HNEI,CESA,HNEI_HNEI_RSF,0.6666666666666666,0.25,122,83,0.680327868852459,0.7641996557659209,66537.11009418804,2.4209271186554884,0.4008636755541988,0.0131677458445325,0.0231443824928958,0.297098945614325,0.0724469291928844,0.0020632207350165,0.0,27.44578313253012,0.0,83.0,1.0,80,0.963855421686747,0,0.0,3,0.036144578313253,0,0.0
HNEI,CESA,HNEI_HNEI_RSF,0.6666666666666666,0.5,122,83,0.680327868852459,0.5748709122203098,72516.51280170341,3.444736551354875,0.4364549450484085,0.0132017782051256,0.0222971863690175,0.2959726967102657,0.1016100735171468,0.0077721303367793,0.0,30.228915662650603,0.0,83.0,1.0,69,0.8313253012048193,0,0.0,14,0.1686746987951807,0,0.0
HNEI,CESA,HNEI_HNEI_RSF,change_point,0.05,158,152,0.9620253164556962,0.8026315789473684,16417.23578923643,1.448799104594358,0.3919581462301529,0.0131581324802889,0.0136258522402208,0.3131540398029948,0.0344449590654556,0.0,0.0,24.19736842105263,0.0,152.0,1.0,152,1.0,0,0.0,0,0.0,0,0.0
HNEI,CESA,HNEI_HNEI_RSF,change_point,0.1,158,151,0.9556962025316456,0.7861873226111636,23973.27064210201,1.559161166117502,0.393451619019812,0.0131578498079737,0.0141643483518928,0.3107459829672662,0.0385787887942039,0.0,0.0,24.503311258278146,0.0,151.0,1.0,151,1.0,0,0.0,0,0.0,0,0.0
HNEI,CESA,HNEI_HNEI_RSF,change_point,0.25,158,150,0.9493670886075948,0.7876190476190477,25826.47856171343,1.57327149875958,0.3996333479792034,0.013196303913622,0.0161383574451695,0.3113444882927191,0.0446165965008549,0.0,0.0,24.986666666666668,0.0,150.0,1.0,150,1.0,0,0.0,0,0.0,0,0.0
HNEI,CESA,HNEI_HNEI_RSF,change_point,0.5,158,150,0.9493670886075948,0.7780952380952382,30759.483384172974,1.7908627081735282,0.4135128739797316,0.0131839308062141,0.0172591194962844,0.3104936043399114,0.0601363641459223,0.0,0.0,26.14666666666667,0.0,150.0,1.0,150,1.0,0,0.0,0,0.0,0,0.0
HNEI,MPSO,HNEI_HNEI_CoxPH,0.3333333333333333,0.05,639,433,0.6776212832550861,0.003629165291982872,376922.0903657408,6.078923548432319,1.2407502936483354,0.0020759806209555,7.408219401844811,0.0,0.0,0.0,0.0,0.0,0.0,264.0,0.6096997690531177,0,0.0,0,0.0,0,0.0,0,0.0
HNEI,MPSO,HNEI_HNEI_CoxPH,0.3333333333333333,0.1,639,452,0.7073552425665102,0.003476611883691559,368224.2289852512,6.1384391665297535,1.2554270985466225,0.0020742016131085,7.611227269588486,0.0,0.0,0.0,0.0,0.0,0.0,270.0,0.5973451327433629,0,0.0,0,0.0,0,0.0,0,0.0
HNEI,MPSO,HNEI_HNEI_CoxPH,0.3333333333333333,0.25,639,454,0.7104851330203443,0.002517306482064084,413372.1872885349,6.154924082800435,1.260581986085887,0.0020743226278934,8.534651103411035,0.0,0.0,0.0,0.0,0.0,0.0,248.0,0.5462555066079295,0,0.0,0,0.0,0,0.0,0,0.0
HNEI,MPSO,HNEI_HNEI_CoxPH,0.3333333333333333,0.5,639,448,0.701095461658842,0.0,454128.0811434033,6.246638066660852,1.259359045006899,0.0020721467009415,10.21422296469248,0.0,0.0,0.0,0.0,0.0,0.0,218.0,0.4866071428571428,0,0.0,0,0.0,0,0.0,0,0.0
HNEI,MPSO,HNEI_HNEI_CoxPH,0.6666666666666666,0.05,639,604,0.945226917057903,0.00023651844843897152,396246.224934621,6.1890655850799465,1.2577771194997538,0.0020689429655381,8.652316169990804,0.0,0.0,0.0,0.0,0.0,0.0,340.0,0.5629139072847682,0,0.0,0,0.0,0,0.0,0,0.0
HNEI,MPSO,HNEI_HNEI_CoxPH,0.6666666666666666,0.1,639,607,0.9499217527386542,0.0,436496.03732065967,6.203930448396871,1.2555712139143995,0.0020674368532208,9.521326145246672,0.0,0.0,0.0,0.0,0.0,0.0,315.0,0.5189456342668863,0,0.0,0,0.0,0,0.0,0,0.0
HNEI,MPSO,HNEI_HNEI_CoxPH,0.6666666666666666,0.25,639,613,0.9593114241001564,0.0002330459100442336,452830.9560822988,6.186836199069693,1.257312476678635,0.0020673195794682,10.358404659056925,0.0,0.0,0.0,0.0,0.0,0.0,291.0,0.4747145187601957,0,0.0,0,0.0,0,0.0,0,0.0
HNEI,MPSO,HNEI_HNEI_CoxPH,0.6666666666666666,0.5,639,613,0.9593114241001564,0.0,488255.8303519083,6.230007018924486,1.2523555633560035,0.0020583234910646,11.301560054081516,0.0,0.0,0.0,0.0,0.0,0.0,261.0,0.4257748776508972,0,0.0,0,0.0,0,0.0,0,0.0
HNEI,MPSO,HNEI_HNEI_CoxPH,change_point,0.05,639,622,0.97339593114241,0.002526412494258144,479719.3673695324,6.125393206936622,1.247371005129312,0.002047973609072,11.302651767126529,0.0,0.0,0.0,0.0,0.0,0.0,262.0,0.4212218649517685,0,0.0,0,0.0,0,0.0,0,0.0
HNEI,MPSO,HNEI_HNEI_CoxPH,change_point,0.1,639,622,0.97339593114241,0.0006890215893431417,489900.50339476863,6.13256783573389,1.2444878507249144,0.0020479589235224,10.88212894675577,0.0,0.0,0.0,0.0,0.0,0.0,267.0,0.4292604501607717,0,0.0,0,0.0,0,0.0,0,0.0
HNEI,MPSO,HNEI_HNEI_CoxPH,change_point,0.25,639,625,0.9780907668231612,0.00045714285714280677,504085.6674652788,6.167198300822086,1.2441461137364154,0.0020502483726944,11.4624986439657,0.0,0.0,0.0,0.0,0.0,0.0,246.0,0.3936,0,0.0,0,0.0,0,0.0,0,0.0
HNEI,MPSO,HNEI_HNEI_CoxPH,change_point,0.5,639,627,0.9812206572769951,0.001367053998632985,483264.20754616015,6.171212184494456,1.2404748297584625,0.0020416006152989,11.102792658635432,0.0,0.0,0.0,0.0,0.0,0.0,255.0,0.4066985645933014,0,0.0,0,0.0,0,0.0,0,0.0
HNEI,MPSO,HNEI_HNEI_DeepHIT,0.3333333333333333,0.05,134,60,0.4477611940298507,0.02142857142857148,313031.9489097176,4.6414502981363785,2.214633344764297,0.0037451473496427,0.0001395496975888,0.0,0.0,0.0,0.0,0.0,0.0,60.0,1.0,0,0.0,0,0.0,0,0.0,0,0.0
HNEI,MPSO,HNEI_HNEI_DeepHIT,0.3333333333333333,0.1,134,65,0.4850746268656716,0.01318681318681314,340694.2395179388,4.719462579053467,2.5956092563713007,0.0043440823376071,0.0001162451265824,0.0,0.0,0.0,0.0,0.0,0.0,65.0,1.0,0,0.0,0,0.0,0,0.0,0,0.0
HNEI,MPSO,HNEI_HNEI_DeepHIT,0.3333333333333333,0.25,134,73,0.5447761194029851,0.007827788649706489,369532.66156155366,4.717260145293721,2.492498641097296,0.004114822440299,0.0001289532441087,0.0,0.0,0.0,0.0,0.0,0.0,73.0,1.0,0,0.0,0,0.0,0,0.0,0,0.0
HNEI,MPSO,HNEI_HNEI_DeepHIT,0.3333333333333333,0.5,134,80,0.5970149253731343,0.0071428571428571175,363378.1663609933,4.7730693538727085,2.384535411136312,0.0039915791723615,0.0001223316876923,0.0,0.0,0.0,0.0,0.0,0.0,80.0,1.0,0,0.0,0,0.0,0,0.0,0,0.0
HNEI,MPSO,HNEI_HNEI_DeepHIT,0.6666666666666666,0.05,288,223,0.7743055555555556,0.0019218449711722993,444271.6827564322,5.278034783377755,2.3911108074229754,0.0039998519323367,0.000532795112728,0.0,0.0,0.0,0.0,0.0,0.0,223.0,1.0,0,0.0,0,0.0,0,0.0,0,0.0
HNEI,MPSO,HNEI_HNEI_DeepHIT,0.6666666666666666,0.1,288,227,0.7881944444444444,0.006922592825676485,431367.1231455088,5.361722519788566,2.507292742569267,0.0042048972076941,0.0001980170088449,0.0,0.0,0.0,0.0,0.0,0.0,227.0,1.0,0,0.0,0,0.0,0,0.0,0,0.0
HNEI,MPSO,HNEI_HNEI_DeepHIT,0.6666666666666666,0.25,288,231,0.8020833333333334,0.0037105751391466007,472923.704583928,5.352651289745249,2.376678908224499,0.0039585137054892,0.0001975286747673,0.0,0.0,0.0,0.0,0.0,0.0,231.0,1.0,0,0.0,0,0.0,0,0.0,0,0.0
HNEI,MPSO,HNEI_HNEI_DeepHIT,0.6666666666666666,0.5,288,231,0.8020833333333334,0.0037105751391466007,486335.4166156811,5.468306343438733,2.4507648468002965,0.0040903956518716,0.0001479126999439,0.0,0.0,0.0,0.0,0.0,0.0,231.0,1.0,0,0.0,0,0.0,0,0.0,0,0.0
HNEI,MPSO,HNEI_HNEI_DeepHIT,change_point,0.05,205,97,0.473170731707317,0.01914580265095735,93906.7388382976,3.682113129559793,2.3906114609484783,0.0041064538749309,0.0079173158475722,0.0,0.0,0.0,0.0,0.0,0.0,97.0,1.0,0,0.0,0,0.0,0,0.0,0,0.0
HNEI,MPSO,HNEI_HNEI_DeepHIT,change_point,0.1,205,110,0.5365853658536586,0.011688311688311716,151752.5900343953,4.302976687097636,2.4373733515261184,0.0040469910272143,0.0001473658959365,0.0,0.0,0.0,0.0,0.0,0.0,110.0,1.0,0,0.0,0,0.0,0,0.0,0,0.0
HNEI,MPSO,HNEI_HNEI_DeepHIT,change_point,0.25,205,127,0.6195121951219512,0.01124859392575926,153719.96350371937,4.10247303500378,2.542296473559049,0.004230227724715,0.0005096051793837,0.0,0.0,0.0,0.0,0.0,0.0,127.0,1.0,0,0.0,0,0.0,0,0.0,0,0.0
HNEI,MPSO,HNEI_HNEI_DeepHIT,change_point,0.5,205,129,0.6292682926829268,0.0011074197120708768,220474.78461653265,4.780961831608248,2.4415685596978274,0.0041064972711308,0.0095911964115115,0.0,0.0,0.0,0.0,0.0,0.0,129.0,1.0,0,0.0,0,0.0,0,0.0,0,0.0
HNEI,MPSO,HNEI_HNEI_GradientBoostingSurvival,0.3333333333333333,0.05,158,147,0.930379746835443,0.0038872691933916465,339813.56251817686,4.658454262444129,1.5893494101359231,0.0028228424562752,3.755927664815786,0.0,0.0,0.0,0.0,0.0,0.0,44.0,0.2993197278911564,0,0.0,0,0.0,0,0.0,0,0.0
HNEI,MPSO,HNEI_HNEI_GradientBoostingSurvival,0.3333333333333333,0.1,158,154,0.9746835443037974,0.0,588884.9556069394,5.156457211993285,1.6115800254410717,0.0028480200134573,3.7953921356027527,0.0,0.0,0.0,0.0,0.0,0.0,40.0,0.2597402597402597,0,0.0,0,0.0,0,0.0,0,0.0
HNEI,MPSO,HNEI_HNEI_GradientBoostingSurvival,0.3333333333333333,0.25,158,150,0.9493670886075948,0.0,746717.6087819431,5.325468973782553,1.62773108460727,0.0028823368198936,3.776393449659807,0.0,0.0,0.0,0.0,0.0,0.0,37.0,0.2466666666666666,0,0.0,0,0.0,0,0.0,0,0.0
HNEI,MPSO,HNEI_HNEI_GradientBoostingSurvival,0.3333333333333333,0.5,158,145,0.9177215189873418,0.0,834603.2293591417,5.407911816230416,1.6201312256276463,0.0028785323378919,3.5733434968072157,0.0,0.0,0.0,0.0,0.0,0.0,37.0,0.2551724137931034,0,0.0,0,0.0,0,0.0,0,0.0
HNEI,MPSO,HNEI_HNEI_GradientBoostingSurvival,0.6666666666666666,0.05,158,153,0.9683544303797468,0.0,657415.1952339188,5.261333611675694,1.6188437795295805,0.0028843139733866,3.741863437897249,0.0,0.0,0.0,0.0,0.0,0.0,38.0,0.2483660130718954,0,0.0,0,0.0,0,0.0,0,0.0
HNEI,MPSO,HNEI_HNEI_GradientBoostingSurvival,0.6666666666666666,0.1,158,156,0.9873417721518988,0.0,685428.0395504991,5.231513159598194,1.6340441145182876,0.002907534576083,3.5518256354760527,0.0,0.0,0.0,0.0,0.0,0.0,44.0,0.282051282051282,0,0.0,0,0.0,0,0.0,0,0.0
HNEI,MPSO,HNEI_HNEI_GradientBoostingSurvival,0.6666666666666666,0.25,158,150,0.9493670886075948,0.0,815657.1747784293,5.392197869316046,1.6563828767863258,0.0029234440396733,3.356453696127759,0.0,0.0,0.0,0.0,0.0,0.0,41.0,0.2733333333333333,0,0.0,0,0.0,0,0.0,0,0.0
HNEI,MPSO,HNEI_HNEI_GradientBoostingSurvival,0.6666666666666666,0.5,158,139,0.879746835443038,0.0,1063115.0765217529,5.474889500648621,1.6318675705102748,0.0028937600357055,2.822706290775723,0.0,0.0,0.0,0.0,0.0,0.0,48.0,0.3453237410071942,0,0.0,0,0.0,0,0.0,0,0.0
HNEI,MPSO,HNEI_HNEI_GradientBoostingSurvival,change_point,0.05,158,151,0.9556962025316456,0.0,617583.2671341045,4.989680064425816,1.6222958036421626,0.0028875334765985,3.7691732074090862,0.0,0.0,0.0,0.0,0.0,0.0,38.0,0.2516556291390728,0,0.0,0,0.0,0,0.0,0,0.0
HNEI,MPSO,HNEI_HNEI_GradientBoostingSurvival,change_point,0.1,158,154,0.9746835443037974,0.0,682191.6905582338,5.294249778404679,1.62099703574665,0.0028826568509843,3.761732031854897,0.0,0.0,0.0,0.0,0.0,0.0,40.0,0.2597402597402597,0,0.0,0,0.0,0,0.0,0,0.0
HNEI,MPSO,HNEI_HNEI_GradientBoostingSurvival,change_point,0.25,158,150,0.9493670886075948,0.0,848155.6841760869,5.3293433244342285,1.6195418407055937,0.0028724730535759,3.760814542678796,0.0,0.0,0.0,0.0,0.0,0.0,37.0,0.2466666666666666,0,0.0,0,0.0,0,0.0,0,0.0
HNEI,MPSO,HNEI_HNEI_GradientBoostingSurvival,change_point,0.5,158,138,0.8734177215189873,0.0,832020.6088523602,5.330172494291833,1.6235709378905585,0.0028820411166964,3.6082127925862895,0.0,0.0,0.0,0.0,0.0,0.0,33.0,0.2391304347826087,0,0.0,0,0.0,0,0.0,0,0.0
HNEI,MPSO,HNEI_HNEI_RSF,0.3333333333333333,0.05,86,63,0.7325581395348837,0.0,658244.2566426169,5.37235712205061,6.716014760984329,0.0128846849547699,0.0790919170877868,0.0,0.0,0.0,0.0,0.0,0.0,63.0,1.0,0,0.0,0,0.0,0,0.0,0,0.0
HNEI,MPSO,HNEI_HNEI_RSF,0.3333333333333333,0.1,86,67,0.7790697674418605,0.0,738692.535542857,5.445290290772616,6.725302868922773,0.0129224795369438,0.0735641141969004,0.0,0.0,0.0,0.0,0.0,0.0,67.0,1.0,0,0.0,0,0.0,0,0.0,0,0.0
HNEI,MPSO,HNEI_HNEI_RSF,0.3333333333333333,0.25,86,70,0.813953488372093,0.0,598841.9919719597,5.503790989614352,6.727919413657842,0.0129113679286092,0.0476013166753495,0.0,0.0,0.0,0.0,0.0,0.0,70.0,1.0,0,0.0,0,0.0,0,0.0,0,0.0
HNEI,MPSO,HNEI_HNEI_RSF,0.3333333333333333,0.5,86,77,0.8953488372093024,0.0,733370.7526651544,5.390892000440587,6.728227776911052,0.0129097745589029,0.0353749001836042,0.0,0.0,0.0,0.0,0.0,0.0,77.0,1.0,0,0.0,0,0.0,0,0.0,0,0.0
HNEI,MPSO,HNEI_HNEI_RSF,0.6666666666666666,0.05,122,103,0.8442622950819673,0.0,744316.6856964743,5.331849166007772,6.720234394805885,0.0128772481546954,0.0366997126047129,0.0,0.0,0.0,0.0,0.0,0.0,103.0,1.0,0,0.0,0,0.0,0,0.0,0,0.0
HNEI,MPSO,HNEI_HNEI_RSF,0.6666666666666666,0.1,122,110,0.9016393442622952,0.0,766583.9200908974,5.271416403648807,6.736439232491698,0.0129256821898955,0.028533474821737,0.0,0.0,0.0,0.0,0.0,0.0,110.0,1.0,0,0.0,0,0.0,0,0.0,0,0.0
HNEI,MPSO,HNEI_HNEI_RSF,0.6666666666666666,0.25,122,114,0.9344262295081968,0.0,767940.6517959223,5.433574799104259,6.732021302824203,0.0129519498076293,0.0234929986928148,0.0,0.0,0.0,0.0,0.0,0.0,114.0,1.0,0,0.0,0,0.0,0,0.0,0,0.0
HNEI,MPSO,HNEI_HNEI_RSF,0.6666666666666666,0.5,122,107,0.8770491803278688,0.0,876203.5601491043,5.494175450610523,6.73306538098248,0.0129428742595983,0.0152254863514611,0.0,0.0,0.0,0.0,0.0,0.0,107.0,1.0,0,0.0,0,0.0,0,0.0,0,0.0
HNEI,MPSO,HNEI_HNEI_RSF,change_point,0.05,158,147,0.930379746835443,0.0,501286.1775575744,4.828191477633324,6.728744098258151,0.0129355784914643,0.0205547217470376,0.0,0.0,0.0,0.0,0.0,0.0,147.0,1.0,0,0.0,0,0.0,0,0.0,0,0.0
HNEI,MPSO,HNEI_HNEI_RSF,change_point,0.1,158,144,0.9113924050632912,0.0,652679.6791697755,5.149409711713801,6.732603570311969,0.0129595469742424,0.0271288468059229,0.0,0.0,0.0,0.0,0.0,0.0,144.0,1.0,0,0.0,0,0.0,0,0.0,0,0.0
HNEI,MPSO,HNEI_HNEI_RSF,change_point,0.25,158,147,0.930379746835443,0.0,797705.3752472816,5.196851780572241,6.749182386523775,0.0129834286673358,0.0182659382748057,0.0,0.0,0.0,0.0,0.0,0.0,147.0,1.0,0,0.0,0,0.0,0,0.0,0,0.0
HNEI,MPSO,HNEI_HNEI_RSF,change_point,0.5,158,143,0.9050632911392406,0.0,788841.4112268956,5.237010855645292,6.711514776033045,0.0129271837018944,0.0177476428110154,0.0,0.0,0.0,0.0,0.0,0.0,143.0,1.0,0,0.0,0,0.0,0,0.0,0,0.0
HNEI,NN,HNEI_HNEI_CoxPH,0.3333333333333333,0.05,639,636,0.9953051643192488,0.00022461814914644305,5303.946693995357,4.683492187790124,0.003584272117692,0.002189811997081,0.5065851040643682,0.0,0.0,0.0,0.0,0.0,0.0,603.0,0.9481132075471698,0,0.0,0,0.0,0,0.0,0,0.0
HNEI,NN,HNEI_HNEI_CoxPH,0.3333333333333333,0.1,639,634,0.9921752738654148,0.00022532672374949873,5448.782614044114,4.760947669243536,0.0035913048847045,0.0021679201371072,0.5092651810877071,0.0,0.0,0.0,0.0,0.0,0.0,600.0,0.946372239747634,0,0.0,0,0.0,0,0.0,0,0.0
HNEI,NN,HNEI_HNEI_CoxPH,0.3333333333333333,0.25,639,635,0.9937402190923318,0.00022497187851515981,5795.281582641475,4.689845388772071,0.0036500451872977,0.0022166625402022,0.5270117121837387,0.0,0.0,0.0,0.0,0.0,0.0,599.0,0.9433070866141732,0,0.0,0,0.0,0,0.0,0,0.0
HNEI,NN,HNEI_HNEI_CoxPH,0.3333333333333333,0.5,639,631,0.9874804381846636,0.0,11545.86570513318,4.819644979469001,0.0035884154201046,0.002212151620054,0.6214369587738151,0.0,0.0,0.0,0.0,0.0,0.0,594.0,0.9413629160063391,0,0.0,0,0.0,0,0.0,0,0.0
HNEI,NN,HNEI_HNEI_CoxPH,0.6666666666666666,0.05,639,636,0.9953051643192488,0.00022461814914644305,7653.430012453719,5.1063083260755935,0.0034890110018636,0.0022064094983481,0.3599505103133573,0.0,0.0,0.0,0.0,0.0,0.0,620.0,0.9748427672955976,0,0.0,0,0.0,0,0.0,0,0.0
HNEI,NN,HNEI_HNEI_CoxPH,0.6666666666666666,0.1,639,635,0.9937402190923318,0.00022497187851515981,7870.066793877649,4.873370741118977,0.0034904690198352,0.00220279831794,0.3629194439902967,0.0,0.0,0.0,0.0,0.0,0.0,619.0,0.9748031496062992,0,0.0,0,0.0,0,0.0,0,0.0
HNEI,NN,HNEI_HNEI_CoxPH,0.6666666666666666,0.25,639,632,0.9890453834115804,0.0002260397830016509,9383.649084549224,4.869566326652317,0.0034724461803088,0.002201073289546,0.4744564820577407,0.0,0.0,0.0,0.0,0.0,0.0,611.0,0.9667721518987342,0,0.0,0,0.0,0,0.0,0,0.0
HNEI,NN,HNEI_HNEI_CoxPH,0.6666666666666666,0.5,639,634,0.9921752738654148,0.0,15315.437385394876,4.897476916648065,0.003507355555714,0.0022227562097641,0.6770360519558679,0.0,0.0,0.0,0.0,0.0,0.0,596.0,0.94006309148265,0,0.0,0,0.0,0,0.0,0,0.0
HNEI,NN,HNEI_HNEI_CoxPH,change_point,0.05,639,635,0.9937402190923318,0.00022497187851515981,5149.757328290893,4.576007397047847,0.0037844147340222,0.0022254915650627,0.5847533567545292,0.0,0.0,0.0,0.0,0.0,0.0,603.0,0.9496062992125984,0,0.0,0,0.0,0,0.0,0,0.0
HNEI,NN,HNEI_HNEI_CoxPH,change_point,0.1,639,636,0.9953051643192488,0.00022461814914644305,5839.095705714868,4.638784416018577,0.0037421964497178,0.0022129813769424,0.6173964043393015,0.0,0.0,0.0,0.0,0.0,0.0,603.0,0.9481132075471698,0,0.0,0,0.0,0,0.0,0,0.0
HNEI,NN,HNEI_HNEI_CoxPH,change_point,0.25,639,633,0.9906103286384976,0.0,7894.293992136826,4.75223798024683,0.0037307206590357,0.0022199024530631,0.7311164247277285,0.0,0.0,0.0,0.0,0.0,0.0,594.0,0.9383886255924172,0,0.0,0,0.0,0,0.0,0,0.0
HNEI,NN,HNEI_HNEI_CoxPH,change_point,0.5,639,633,0.9906103286384976,0.0,13658.153762305988,4.825472925131026,0.0036660168655531,0.0022048057403358,0.8745186866042256,0.0,0.0,0.0,0.0,0.0,0.0,586.0,0.9257503949447078,0,0.0,0,0.0,0,0.0,0,0.0
HNEI,NN,HNEI_HNEI_DeepHIT,0.3333333333333333,0.05,134,114,0.8507462686567164,0.0,24619.31934650919,3.329749957075378,0.0050306201141721,0.0032198550962085,9.453183772502626e-05,0.0,0.0,0.0,0.0,0.0,0.0,114.0,1.0,0,0.0,0,0.0,0,0.0,0,0.0
HNEI,NN,HNEI_HNEI_DeepHIT,0.3333333333333333,0.1,134,114,0.8507462686567164,0.0,24620.73894450093,3.339686397811605,0.0045222246403123,0.0030234314745349,9.453183772502626e-05,0.0,0.0,0.0,0.0,0.0,0.0,114.0,1.0,0,0.0,0,0.0,0,0.0,0,0.0
HNEI,NN,HNEI_HNEI_DeepHIT,0.3333333333333333,0.25,134,113,0.8432835820895522,0.0,27023.354338569246,3.366081377334574,0.0042227649010678,0.0028563133896528,9.50118596421367e-05,0.0,0.0,0.0,0.0,0.0,0.0,113.0,1.0,0,0.0,0,0.0,0,0.0,0,0.0
HNEI,NN,HNEI_HNEI_DeepHIT,0.3333333333333333,0.5,134,111,0.8283582089552238,0.0,27657.86128702397,3.439493732060741,0.0039827729903606,0.0028906232068579,9.631730364864448e-05,0.0,0.0,0.0,0.0,0.0,0.0,111.0,1.0,0,0.0,0,0.0,0,0.0,0,0.0
HNEI,NN,HNEI_HNEI_DeepHIT,0.6666666666666666,0.05,288,243,0.84375,0.0,41484.47720680718,4.153441165751357,0.003687861880516,0.0026362659549172,0.0040366574829137,0.0,0.0,0.0,0.0,0.0,0.0,243.0,1.0,0,0.0,0,0.0,0,0.0,0,0.0
HNEI,NN,HNEI_HNEI_DeepHIT,0.6666666666666666,0.1,288,240,0.8333333333333334,0.0,42891.49916528115,4.213974156871261,0.0038332898457156,0.0027221646046503,0.0040852985163391,0.0,0.0,0.0,0.0,0.0,0.0,240.0,1.0,0,0.0,0,0.0,0,0.0,0,0.0
HNEI,NN,HNEI_HNEI_DeepHIT,0.6666666666666666,0.25,288,233,0.8090277777777778,0.0,45138.82454945562,4.236901352170698,0.0049768259348232,0.0036492160604012,0.0041565923979164,0.0,0.0,0.0,0.0,0.0,0.0,233.0,1.0,0,0.0,0,0.0,0,0.0,0,0.0
HNEI,NN,HNEI_HNEI_DeepHIT,0.6666666666666666,0.5,288,234,0.8125,0.0,47261.86485559221,4.32142682724133,0.0054276479360509,0.0037122713161247,0.0041389251069751,0.0,0.0,0.0,0.0,0.0,0.0,234.0,1.0,0,0.0,0,0.0,0,0.0,0,0.0
HNEI,NN,HNEI_HNEI_DeepHIT,change_point,0.05,205,162,0.7902439024390244,0.0,36312.24762776668,3.858996844012988,0.0056111070127686,0.0036359899323419,0.0059243647987243,0.0,0.0,0.0,0.0,0.0,0.0,162.0,1.0,0,0.0,0,0.0,0,0.0,0,0.0
HNEI,NN,HNEI_HNEI_DeepHIT,change_point,0.1,205,163,0.7951219512195122,0.0,36172.84089562226,3.885855313347902,0.0039295261162276,0.0027796241540127,0.0058880206582668,0.0,0.0,0.0,0.0,0.0,0.0,163.0,1.0,0,0.0,0,0.0,0,0.0,0,0.0
HNEI,NN,HNEI_HNEI_DeepHIT,change_point,0.25,205,163,0.7951219512195122,0.0,36170.45620184954,3.90017532844442,0.0037483753376866,0.0026823062940887,0.0058879599912484,0.0,0.0,0.0,0.0,0.0,0.0,163.0,1.0,0,0.0,0,0.0,0,0.0,0,0.0
HNEI,NN,HNEI_HNEI_DeepHIT,change_point,0.5,205,158,0.7707317073170732,0.0,45332.74289484432,4.03393688196111,0.0065995678932831,0.0047984009046259,0.0060774153122502,0.0,0.0,0.0,0.0,0.0,0.0,158.0,1.0,0,0.0,0,0.0,0,0.0,0,0.0
HNEI,NN,HNEI_HNEI_GradientBoostingSurvival,0.3333333333333333,0.05,158,152,0.9620253164556962,0.0,57051.22348734996,4.177861837865103,0.0037416685790958,0.0028600856127779,3.666469745441644,0.0,0.0,0.0,0.0,0.0,0.0,55.0,0.3618421052631579,0,0.0,0,0.0,0,0.0,0,0.0
HNEI,NN,HNEI_HNEI_GradientBoostingSurvival,0.3333333333333333,0.1,158,149,0.9430379746835444,0.0,60024.08687829174,4.255011418870684,0.0037782040399057,0.0028595357111556,3.5453350835315725,0.0,0.0,0.0,0.0,0.0,0.0,57.0,0.3825503355704698,0,0.0,0,0.0,0,0.0,0,0.0
HNEI,NN,HNEI_HNEI_GradientBoostingSurvival,0.3333333333333333,0.25,158,144,0.9113924050632912,0.0,80312.60335621882,4.777813532029276,0.0037681320616482,0.0028769476529204,3.277920482361444,0.0,0.0,0.0,0.0,0.0,0.0,56.0,0.3888888888888889,0,0.0,0,0.0,0,0.0,0,0.0
HNEI,NN,HNEI_HNEI_GradientBoostingSurvival,0.3333333333333333,0.5,158,141,0.8924050632911392,0.0,89203.14107704416,5.2097751266935655,0.0037201159070815,0.0028778332489309,2.872475870255346,0.0,0.0,0.0,0.0,0.0,0.0,61.0,0.4326241134751773,0,0.0,0,0.0,0,0.0,0,0.0
HNEI,NN,HNEI_HNEI_GradientBoostingSurvival,0.6666666666666666,0.05,158,154,0.9746835443037974,0.0,67353.5741208939,4.615168940734745,0.0037860594932314,0.0028915091945189,3.185510827712557,0.0,0.0,0.0,0.0,0.0,0.0,61.0,0.3961038961038961,0,0.0,0,0.0,0,0.0,0,0.0
HNEI,NN,HNEI_HNEI_GradientBoostingSurvival,0.6666666666666666,0.1,158,149,0.9430379746835444,0.0,78309.92346872202,4.982488957860322,0.0037567386047792,0.0028884319393018,3.051207652301392,0.0,0.0,0.0,0.0,0.0,0.0,59.0,0.3959731543624161,0,0.0,0,0.0,0,0.0,0,0.0
HNEI,NN,HNEI_HNEI_GradientBoostingSurvival,0.6666666666666666,0.25,158,152,0.9620253164556962,0.0,90314.20424842612,5.248441267065087,0.0037580027298023,0.0029070764013388,2.5470564123655177,0.0,0.0,0.0,0.0,0.0,0.0,69.0,0.4539473684210526,0,0.0,0,0.0,0,0.0,0,0.0
HNEI,NN,HNEI_HNEI_GradientBoostingSurvival,0.6666666666666666,0.5,158,148,0.9367088607594936,0.0,92182.59668785476,5.780364935099815,0.0037320737029477,0.0029029087026837,2.249284151427169,0.0,0.0,0.0,0.0,0.0,0.0,75.0,0.5067567567567568,0,0.0,0,0.0,0,0.0,0,0.0
HNEI,NN,HNEI_HNEI_GradientBoostingSurvival,change_point,0.05,158,149,0.9430379746835444,0.0,56101.64284564952,4.191175127196255,0.0038718623693191,0.0029172800739542,3.7291101067551495,0.0,0.0,0.0,0.0,0.0,0.0,53.0,0.3557046979865771,0,0.0,0,0.0,0,0.0,0,0.0
HNEI,NN,HNEI_HNEI_GradientBoostingSurvival,change_point,0.1,158,144,0.9113924050632912,0.0,69792.64193390866,4.281312482429171,0.0038781171252695,0.0029232820765577,3.6183104735295424,0.0,0.0,0.0,0.0,0.0,0.0,53.0,0.3680555555555556,0,0.0,0,0.0,0,0.0,0,0.0
HNEI,NN,HNEI_HNEI_GradientBoostingSurvival,change_point,0.25,158,147,0.930379746835443,0.0,78033.530135585,4.734764977097394,0.0038574428974094,0.0029319217144456,3.273326415834705,0.0,0.0,0.0,0.0,0.0,0.0,58.0,0.3945578231292517,0,0.0,0,0.0,0,0.0,0,0.0
HNEI,NN,HNEI_HNEI_GradientBoostingSurvival,change_point,0.5,158,135,0.8544303797468354,0.0,77458.3261426327,5.0451833047133645,0.0038064037770877,0.0029381135108889,3.0817744660842714,0.0,0.0,0.0,0.0,0.0,0.0,54.0,0.4,0,0.0,0,0.0,0,0.0,0,0.0
HNEI,NN,HNEI_HNEI_RSF,0.3333333333333333,0.05,86,85,0.9883720930232558,0.0,43406.54422541946,4.017606925455005,0.0139624056942172,0.0130901273064356,0.0289553623326954,0.0,0.0,0.0,0.0,0.0,0.0,85.0,1.0,0,0.0,0,0.0,0,0.0,0,0.0
HNEI,NN,HNEI_HNEI_RSF,0.3333333333333333,0.1,86,85,0.9883720930232558,0.0,43896.49893332819,4.091493340675707,0.0143056712705669,0.013178522376727,0.0289553623326953,0.0,0.0,0.0,0.0,0.0,0.0,85.0,1.0,0,0.0,0,0.0,0,0.0,0,0.0
HNEI,NN,HNEI_HNEI_RSF,0.3333333333333333,0.25,86,85,0.9883720930232558,0.0,44190.97359786428,4.1283579917565065,0.0141575991294196,0.0131280973760808,0.0289553623326954,0.0,0.0,0.0,0.0,0.0,0.0,85.0,1.0,0,0.0,0,0.0,0,0.0,0,0.0
HNEI,NN,HNEI_HNEI_RSF,0.3333333333333333,0.5,86,81,0.9418604651162792,0.0,46116.392600099214,4.200111066162872,0.0143912233687853,0.0131384252105626,0.0303852567688777,0.0,0.0,0.0,0.0,0.0,0.0,81.0,1.0,0,0.0,0,0.0,0,0.0,0,0.0
HNEI,NN,HNEI_HNEI_RSF,0.6666666666666666,0.05,122,120,0.9836065573770492,0.0,71780.3655930345,4.963644140755884,0.0142109018917835,0.013148905517058,0.0216093798012251,0.0,0.0,0.0,0.0,0.0,0.0,120.0,1.0,0,0.0,0,0.0,0,0.0,0,0.0
HNEI,NN,HNEI_HNEI_RSF,0.6666666666666666,0.1,122,120,0.9836065573770492,0.0,71780.3655930345,4.963644140755884,0.0142750398253459,0.0132559987749118,0.0216093798012251,0.0,0.0,0.0,0.0,0.0,0.0,120.0,1.0,0,0.0,0,0.0,0,0.0,0,0.0
HNEI,NN,HNEI_HNEI_RSF,0.6666666666666666,0.25,122,120,0.9836065573770492,0.0,74728.82224229666,5.077142608351156,0.0142401328742077,0.013284023342688,0.0218971052322803,0.0,0.0,0.0,0.0,0.0,0.0,120.0,1.0,0,0.0,0,0.0,0,0.0,0,0.0
HNEI,NN,HNEI_HNEI_RSF,0.6666666666666666,0.5,122,120,0.9836065573770492,0.0,74771.70594777554,5.093144310216482,0.0141005149333068,0.0131767480922765,0.02234954449116,0.0,0.0,0.0,0.0,0.0,0.0,120.0,1.0,0,0.0,0,0.0,0,0.0,0,0.0
HNEI,NN,HNEI_HNEI_RSF,change_point,0.05,158,157,0.9936708860759492,0.0,69404.88148846083,3.7852235892889023,0.0142892484523869,0.0132426316110242,0.0177524371708885,0.0,0.0,0.0,0.0,0.0,0.0,157.0,1.0,0,0.0,0,0.0,0,0.0,0,0.0
HNEI,NN,HNEI_HNEI_RSF,change_point,0.1,158,156,0.9873417721518988,0.0,70147.49406255585,3.791267427790973,0.0142767940198656,0.0131420899106626,0.0177428129056817,0.0,0.0,0.0,0.0,0.0,0.0,156.0,1.0,0,0.0,0,0.0,0,0.0,0,0.0
HNEI,NN,HNEI_HNEI_RSF,change_point,0.25,158,151,0.9556962025316456,0.0,47713.59798282176,3.831801446106428,0.0143739166558721,0.013233175648192,0.0176249254065289,0.0,0.0,0.0,0.0,0.0,0.0,151.0,1.0,0,0.0,0,0.0,0,0.0,0,0.0
HNEI,NN,HNEI_HNEI_RSF,change_point,0.5,158,148,0.9367088607594936,0.0,48976.0075494785,3.864591080258563,0.014366294453007,0.0132133384325464,0.0179821874080125,0.0,0.0,0.0,0.0,0.0,0.0,148.0,1.0,0,0.0,0,0.0,0,0.0,0,0.0
HNEI,PSO,HNEI_HNEI_CoxPH,0.3333333333333333,0.05,639,614,0.9608763693270737,0.0,621.1110117553094,4.320794282610631,2.570881742019524,0.0021345022801275,0.3423089156106644,0.0,0.0,0.0,0.0,0.0,0.0,588.0,0.9576547231270358,0,0.0,0,0.0,0,0.0,0,0.0
HNEI,PSO,HNEI_HNEI_CoxPH,0.3333333333333333,0.1,639,612,0.9577464788732394,0.0,746.5687319466009,4.632157545396658,2.6443850673201323,0.0021638928105234,0.3207735538629501,0.0,0.0,0.0,0.0,0.0,0.0,589.0,0.9624183006535948,0,0.0,0,0.0,0,0.0,0,0.0
HNEI,PSO,HNEI_HNEI_CoxPH,0.3333333333333333,0.25,639,609,0.9530516431924884,0.0,1810.524148136653,4.910679141237144,2.6473709403940964,0.0021701673235144,0.2572611745607914,0.0,0.0,0.0,0.0,0.0,0.0,588.0,0.9655172413793104,0,0.0,0,0.0,0,0.0,0,0.0
HNEI,PSO,HNEI_HNEI_CoxPH,0.3333333333333333,0.5,639,617,0.9655712050078248,0.0,1204.4647072470327,5.413206062171708,2.6477006593193604,0.0021768202595406,0.2668382107094479,0.0,0.0,0.0,0.0,0.0,0.0,598.0,0.9692058346839546,0,0.0,0,0.0,0,0.0,0,0.0
HNEI,PSO,HNEI_HNEI_CoxPH,0.6666666666666666,0.05,639,634,0.9921752738654148,0.0,4733.866249555304,5.254544759492928,2.6562361044165104,0.002174418454189,0.2424977694678352,0.0,0.0,0.0,0.0,0.0,0.0,618.0,0.9747634069400632,0,0.0,0,0.0,0,0.0,0,0.0
HNEI,PSO,HNEI_HNEI_CoxPH,0.6666666666666666,0.1,639,636,0.9953051643192488,0.0,2784.822985006504,5.483751716613376,2.6572303460689,0.0021729646226123,0.2769134895229736,0.0,0.0,0.0,0.0,0.0,0.0,616.0,0.9685534591194968,0,0.0,0,0.0,0,0.0,0,0.0
HNEI,PSO,HNEI_HNEI_CoxPH,0.6666666666666666,0.25,639,635,0.9937402190923318,0.0,3302.3988280484123,5.642927527550789,2.661457703149796,0.0021867902362563,0.2964593138486736,0.0,0.0,0.0,0.0,0.0,0.0,611.0,0.9622047244094488,0,0.0,0,0.0,0,0.0,0,0.0
HNEI,PSO,HNEI_HNEI_CoxPH,0.6666666666666666,0.5,639,634,0.9921752738654148,0.0,2707.88746083556,5.8088028653859,2.656126490851664,0.0021737504729764,0.4198421958441581,0.0,0.0,0.0,0.0,0.0,0.0,600.0,0.946372239747634,0,0.0,0,0.0,0,0.0,0,0.0
HNEI,PSO,HNEI_HNEI_CoxPH,change_point,0.05,639,637,0.9968701095461658,0.0,794.90030712068,4.449347043385124,2.6635453340657325,0.0021937640502151,0.4657844592612783,0.0,0.0,0.0,0.0,0.0,0.0,608.0,0.9544740973312402,0,0.0,0,0.0,0,0.0,0,0.0
HNEI,PSO,HNEI_HNEI_CoxPH,change_point,0.1,639,637,0.9968701095461658,0.0,861.2532677421261,4.592606373994794,2.665716486813221,0.0021822356357349,0.4942212634069916,0.0,0.0,0.0,0.0,0.0,0.0,604.0,0.9481946624803768,0,0.0,0,0.0,0,0.0,0,0.0
HNEI,PSO,HNEI_HNEI_CoxPH,change_point,0.25,639,637,0.9968701095461658,0.0002242655303879967,1386.4037313260735,4.9908190336560265,2.6637471640501893,0.0021767618526491,0.5537919521023965,0.0,0.0,0.0,0.0,0.0,0.0,600.0,0.9419152276295132,0,0.0,0,0.0,0,0.0,0,0.0
HNEI,PSO,HNEI_HNEI_CoxPH,change_point,0.5,639,637,0.9968701095461658,0.0,2075.094648341664,5.370897218518794,2.667716394034558,0.0021936990580606,0.6011216246219971,0.0,0.0,0.0,0.0,0.0,0.0,591.0,0.9277864992150706,0,0.0,0,0.0,0,0.0,0,0.0
HNEI,PSO,HNEI_HNEI_DeepHIT,0.3333333333333333,0.05,134,129,0.9626865671641792,0.007751937984496138,18173.430033611283,1.9369615394055684,4.736749985271319,0.0050961286820653,0.0037736780287028,0.0,0.0,0.0,0.0,0.0,0.0,129.0,1.0,0,0.0,0,0.0,0,0.0,0,0.0
HNEI,PSO,HNEI_HNEI_DeepHIT,0.3333333333333333,0.1,134,127,0.9477611940298508,0.015748031496062964,18259.38178224985,1.9523084895322256,4.859675652755761,0.0053263811027222,0.003883187623884,0.0,0.0,0.0,0.0,0.0,0.0,127.0,1.0,0,0.0,0,0.0,0,0.0,0,0.0
HNEI,PSO,HNEI_HNEI_DeepHIT,0.3333333333333333,0.25,134,131,0.9776119402985076,0.013086150490730602,17855.85882039057,2.1902041461235684,4.829611596946079,0.0051842061065151,0.0001247825021271,0.0,0.0,0.0,0.0,0.0,0.0,131.0,1.0,0,0.0,0,0.0,0,0.0,0,0.0
HNEI,PSO,HNEI_HNEI_DeepHIT,0.3333333333333333,0.5,134,129,0.9626865671641792,0.005537098560354384,18444.987817699173,2.178343486455487,4.909547097674145,0.0053644945743821,0.0037453950775995,0.0,0.0,0.0,0.0,0.0,0.0,129.0,1.0,0,0.0,0,0.0,0,0.0,0,0.0
HNEI,PSO,HNEI_HNEI_DeepHIT,0.6666666666666666,0.05,288,280,0.9722222222222222,0.006122448979591815,11776.1743489561,3.6316610888873258,4.893308991785879,0.0052787635715763,0.0012437342168025,0.0,0.0,0.0,0.0,0.0,0.0,280.0,1.0,0,0.0,0,0.0,0,0.0,0,0.0
HNEI,PSO,HNEI_HNEI_DeepHIT,0.6666666666666666,0.1,288,281,0.9756944444444444,0.0050838840874428215,11708.588513299974,3.6163127046035934,5.09809565693907,0.0054108725976819,0.0018815778600458,0.0,0.0,0.0,0.0,0.0,0.0,281.0,1.0,0,0.0,0,0.0,0,0.0,0,0.0
HNEI,PSO,HNEI_HNEI_DeepHIT,0.6666666666666666,0.25,288,278,0.9652777777777778,0.002569373072970243,14536.914325631404,3.896445046186469,4.929066110791426,0.0053583651079606,0.0024006691158265,0.0,0.0,0.0,0.0,0.0,0.0,278.0,1.0,0,0.0,0,0.0,0,0.0,0,0.0
HNEI,PSO,HNEI_HNEI_DeepHIT,0.6666666666666666,0.5,288,279,0.96875,0.005120327700972815,14934.55645778642,4.072001321112853,4.893604949820884,0.0054865949819537,0.0014532048604101,0.0,0.0,0.0,0.0,0.0,0.0,279.0,1.0,0,0.0,0,0.0,0,0.0,0,0.0
HNEI,PSO,HNEI_HNEI_DeepHIT,change_point,0.05,205,200,0.975609756097561,0.011428571428571439,15332.885505891994,3.1190797409792306,4.950752106000145,0.0052071045000775,0.0025158569442557,0.0,0.0,0.0,0.0,0.0,0.0,200.0,1.0,0,0.0,0,0.0,0,0.0,0,0.0
HNEI,PSO,HNEI_HNEI_DeepHIT,change_point,0.1,205,199,0.9707317073170731,0.015075376884422096,15069.653871098764,3.089654191048224,4.968006996481929,0.0054228336684991,0.0020060446776997,0.0,0.0,0.0,0.0,0.0,0.0,199.0,1.0,0,0.0,0,0.0,0,0.0,0,0.0
HNEI,PSO,HNEI_HNEI_DeepHIT,change_point,0.25,205,198,0.9658536585365852,0.011544011544011492,15374.296730964548,3.269816852593246,4.856271266666796,0.005199202019977,0.0037072591547065,0.0,0.0,0.0,0.0,0.0,0.0,198.0,1.0,0,0.0,0,0.0,0,0.0,0,0.0
HNEI,PSO,HNEI_HNEI_DeepHIT,change_point,0.5,205,192,0.9365853658536586,0.008184523809523852,18293.75462306749,3.4484175201067964,4.805578294270542,0.0053248744791289,0.0001408764416995,0.0,0.0,0.0,0.0,0.0,0.0,192.0,1.0,0,0.0,0,0.0,0,0.0,0,0.0
HNEI,PSO,HNEI_HNEI_GradientBoostingSurvival,0.3333333333333333,0.05,158,155,0.981012658227848,0.0027649769585253686,28541.261007821387,2.4463016365931773,2.091305829677285,0.0029453367741934,3.9352741042789,0.0,0.0,0.0,0.0,0.0,0.0,44.0,0.2838709677419355,0,0.0,0,0.0,0,0.0,0,0.0
HNEI,PSO,HNEI_HNEI_GradientBoostingSurvival,0.3333333333333333,0.1,158,155,0.981012658227848,0.0,28891.84549100256,2.733899422756086,2.1195682896775496,0.0029628083872188,3.8154799630925846,0.0,0.0,0.0,0.0,0.0,0.0,45.0,0.2903225806451613,0,0.0,0,0.0,0,0.0,0,0.0
HNEI,PSO,HNEI_HNEI_GradientBoostingSurvival,0.3333333333333333,0.25,158,153,0.9683544303797468,0.0,30182.470126504115,3.09024488295334,2.276460486274457,0.0032019601307409,3.636622425132816,0.0,0.0,0.0,0.0,0.0,0.0,42.0,0.2745098039215686,0,0.0,0,0.0,0,0.0,0,0.0
HNEI,PSO,HNEI_HNEI_GradientBoostingSurvival,0.3333333333333333,0.5,158,149,0.9430379746835444,0.0,32355.408250674263,3.8567210372629472,2.0697520288589013,0.0029009731538982,3.1609592111385463,0.0,0.0,0.0,0.0,0.0,0.0,50.0,0.3355704697986577,0,0.0,0,0.0,0,0.0,0,0.0
HNEI,PSO,HNEI_HNEI_GradientBoostingSurvival,0.6666666666666666,0.05,158,156,0.9873417721518988,0.0,29945.523953132182,3.103673685460252,2.0977652032052228,0.0029579647435429,3.61300678767107,0.0,0.0,0.0,0.0,0.0,0.0,44.0,0.282051282051282,0,0.0,0,0.0,0,0.0,0,0.0
HNEI,PSO,HNEI_HNEI_GradientBoostingSurvival,0.6666666666666666,0.1,158,155,0.981012658227848,0.0,29975.62234678869,3.362737462815691,2.098253672903323,0.0029593116129211,3.36233568427314,0.0,0.0,0.0,0.0,0.0,0.0,48.0,0.3096774193548387,0,0.0,0,0.0,0,0.0,0,0.0
HNEI,PSO,HNEI_HNEI_GradientBoostingSurvival,0.6666666666666666,0.25,158,154,0.9746835443037974,0.0,33356.23499938252,4.0566425507951855,2.0989101629870497,0.0029558824675428,2.9260827871215502,0.0,0.0,0.0,0.0,0.0,0.0,51.0,0.3311688311688311,0,0.0,0,0.0,0,0.0,0,0.0
HNEI,PSO,HNEI_HNEI_GradientBoostingSurvival,0.6666666666666666,0.5,158,147,0.930379746835443,0.0,39132.52551099972,4.701124479099214,2.081897636054614,0.0029208891155947,2.57942744677961,0.0,0.0,0.0,0.0,0.0,0.0,59.0,0.4013605442176871,0,0.0,0,0.0,0,0.0,0,0.0
HNEI,PSO,HNEI_HNEI_GradientBoostingSurvival,change_point,0.05,158,156,0.9873417721518988,0.0,28944.57686898544,2.599345202536121,2.109255098076527,0.0029626102565928,3.787466628539829,0.0,0.0,0.0,0.0,0.0,0.0,46.0,0.2948717948717949,0,0.0,0,0.0,0,0.0,0,0.0
HNEI,PSO,HNEI_HNEI_GradientBoostingSurvival,change_point,0.1,158,155,0.981012658227848,0.0,29721.96113238865,2.792446473496784,2.0993010858064443,0.0029456406451279,3.796333718756825,0.0,0.0,0.0,0.0,0.0,0.0,44.0,0.2838709677419355,0,0.0,0,0.0,0,0.0,0,0.0
HNEI,PSO,HNEI_HNEI_GradientBoostingSurvival,change_point,0.25,158,152,0.9620253164556962,0.0,30750.221181502395,3.0588347735030674,2.1098713118421983,0.0029617671054295,3.658778688730911,0.0,0.0,0.0,0.0,0.0,0.0,42.0,0.2763157894736842,0,0.0,0,0.0,0,0.0,0,0.0
HNEI,PSO,HNEI_HNEI_GradientBoostingSurvival,change_point,0.5,158,146,0.9240506329113924,0.0,34871.164918992225,3.923663998242663,2.1011975609591453,0.0029597945205302,3.239158980099313,0.0,0.0,0.0,0.0,0.0,0.0,45.0,0.3082191780821918,0,0.0,0,0.0,0,0.0,0,0.0
HNEI,PSO,HNEI_HNEI_RSF,0.3333333333333333,0.05,86,83,0.9651162790697676,0.0,23999.19624102258,3.049877705238868,8.862610633721356,0.0130644001560047,0.0296642593829112,0.0,0.0,0.0,0.0,0.0,0.0,83.0,1.0,0,0.0,0,0.0,0,0.0,0,0.0
HNEI,PSO,HNEI_HNEI_RSF,0.3333333333333333,0.1,86,84,0.9767441860465116,0.0,23021.115821486612,2.9419435083486767,8.891961838643814,0.0131300009639484,0.0303906605571702,0.0,0.0,0.0,0.0,0.0,0.0,84.0,1.0,0,0.0,0,0.0,0,0.0,0,0.0
HNEI,PSO,HNEI_HNEI_RSF,0.3333333333333333,0.25,86,86,1.0,0.0,24104.33518853821,3.361643757674905,8.877063753395875,0.0131387037792253,0.0309765986826711,0.0,0.0,0.0,0.0,0.0,0.0,86.0,1.0,0,0.0,0,0.0,0,0.0,0,0.0
HNEI,PSO,HNEI_HNEI_RSF,0.3333333333333333,0.5,86,85,0.9883720930232558,0.0,24626.345858255994,3.776204570965213,8.878174967434674,0.0131727668823099,0.0301887084147669,0.0,0.0,0.0,0.0,0.0,0.0,85.0,1.0,0,0.0,0,0.0,0,0.0,0,0.0
HNEI,PSO,HNEI_HNEI_RSF,0.6666666666666666,0.05,122,116,0.9508196721311476,0.0,20910.20094797528,3.646454441868208,8.875219166879859,0.0131838311197121,0.0249256260085444,0.0,0.0,0.0,0.0,0.0,0.0,116.0,1.0,0,0.0,0,0.0,0,0.0,0,0.0
HNEI,PSO,HNEI_HNEI_RSF,0.6666666666666666,0.1,122,116,0.9508196721311476,0.0,21257.75897100497,3.8186344886694257,8.861661053914602,0.0131610758185631,0.0247239406975498,0.0,0.0,0.0,0.0,0.0,0.0,116.0,1.0,0,0.0,0,0.0,0,0.0,0,0.0
HNEI,PSO,HNEI_HNEI_RSF,0.6666666666666666,0.25,122,118,0.9672131147540984,0.0,24333.309679918835,4.002560238020305,8.825741291636728,0.0130503852712335,0.0225009082429594,0.0,0.0,0.0,0.0,0.0,0.0,118.0,1.0,0,0.0,0,0.0,0,0.0,0,0.0
HNEI,PSO,HNEI_HNEI_RSF,0.6666666666666666,0.5,122,118,0.9672131147540984,0.0,27639.86707699001,4.351700442858335,8.845649772541577,0.0131205294831997,0.0222807277005067,0.0,0.0,0.0,0.0,0.0,0.0,118.0,1.0,0,0.0,0,0.0,0,0.0,0,0.0
HNEI,PSO,HNEI_HNEI_RSF,change_point,0.05,158,156,0.9873417721518988,0.0027472527472527375,18684.04442992228,2.2390759873392025,8.869250332058026,0.0131260117247084,0.013208869505795,0.0,0.0,0.0,0.0,0.0,0.0,156.0,1.0,0,0.0,0,0.0,0,0.0,0,0.0
HNEI,PSO,HNEI_HNEI_RSF,change_point,0.1,158,156,0.9873417721518988,0.0,18626.45706859586,2.2981254843874765,8.867129880999318,0.0132002615377692,0.0139664133247977,0.0,0.0,0.0,0.0,0.0,0.0,156.0,1.0,0,0.0,0,0.0,0,0.0,0,0.0
HNEI,PSO,HNEI_HNEI_RSF,change_point,0.25,158,156,0.9873417721518988,0.0,30278.24940932784,2.5990360312168077,8.855901877141056,0.0130598771018132,0.0155303520279249,0.0,0.0,0.0,0.0,0.0,0.0,156.0,1.0,0,0.0,0,0.0,0,0.0,0,0.0
HNEI,PSO,HNEI_HNEI_RSF,change_point,0.5,158,154,0.9746835443037974,0.0,20541.044464307437,2.8173303818098514,8.848053043869788,0.0131454179478263,0.0168703421794944,0.0,0.0,0.0,0.0,0.0,0.0,154.0,1.0,0,0.0,0,0.0,0,0.0,0,0.0
PBC,CESA,PBC_PBC_CoxPH,0.3333333333333333,0.05,13,13,1.0,0.9405594405594406,2.8906137726482,3.1649217022790475,0.2929666256923855,0.0029805302317701,0.1857840776295417,0.1479355366945338,0.0495107203851847,0.0,0.0,34.23076923076923,0.0,13.0,1.0,13,1.0,0,0.0,0,0.0,0,0.0
PBC,CESA,PBC_PBC_CoxPH,0.3333333333333333,0.1,13,13,1.0,0.9405594405594406,2.971422982541327,3.078387720835645,0.2818625208456069,0.0029828624627463,0.1847510422718646,0.1428825540788239,0.0492165042333698,0.0,0.0,34.23076923076923,0.0,13.0,1.0,13,1.0,0,0.0,0,0.0,0,0.0
PBC,CESA,PBC_PBC_CoxPH,0.3333333333333333,0.25,13,13,1.0,0.9335664335664337,3.3707563260851505,3.9687785867092633,0.2562749426142545,0.0029994596888382,0.1844733566624178,0.1294410312302016,0.0528772552329778,0.0,0.0,36.07692307692308,0.0,13.0,1.0,13,1.0,0,0.0,0,0.0,0,0.0
PBC,CESA,PBC_PBC_CoxPH,0.3333333333333333,0.5,13,13,1.0,0.8636363636363636,5.372223433346723,5.6703103289001415,0.223534715923821,0.0030044916918716,0.1818480280425861,0.1066017414626772,0.0618899450771725,0.0085462846920843,0.0,42.92307692307692,0.0,13.0,1.0,12,0.9230769230769232,0,0.0,1,0.0769230769230769,0,0.0
PBC,CESA,PBC_PBC_CoxPH,0.6666666666666666,0.05,13,13,1.0,0.8741258741258741,4.454972738759083,4.293772008180597,0.239306239000423,0.002997336462543,0.1826737425575035,0.1184685613048854,0.0505446768488931,0.0085420015384443,0.0,38.61538461538461,0.0,13.0,1.0,12,0.9230769230769232,0,0.0,1,0.0769230769230769,0,0.0
PBC,CESA,PBC_PBC_CoxPH,0.6666666666666666,0.1,13,13,1.0,0.8706293706293706,4.78966887881017,4.845314199513973,0.2042478209959181,0.0030039537702507,0.1821961025886532,0.1062946551515219,0.0417513213816654,0.0085686096919324,0.0,36.38461538461539,0.0,13.0,1.0,12,0.9230769230769232,0,0.0,1,0.0769230769230769,0,0.0
PBC,CESA,PBC_PBC_CoxPH,0.6666666666666666,0.25,13,13,1.0,0.8146853146853147,6.184249475735468,6.812527952339632,0.1813114596186026,0.0029702984622697,0.1807665163550775,0.0916174625364454,0.0540622966184925,0.0069324926153058,0.0,40.53846153846154,0.0,13.0,1.0,12,0.9230769230769232,0,0.0,1,0.0769230769230769,0,0.0
PBC,CESA,PBC_PBC_CoxPH,0.6666666666666666,0.5,13,6,0.4615384615384615,0.6590909090909091,9.370555672537234,10.099069904957618,0.2024335798317527,0.0030260326651235,0.1039328831099323,0.0811448051608749,0.0680517393363212,0.0379701274990414,0.0,56.16666666666666,0.0,6.0,1.0,5,0.8333333333333334,0,0.0,1,0.1666666666666666,0,0.0
PBC,CESA,PBC_PBC_CoxPH,change_point,0.05,13,13,1.0,0.9545454545454546,2.2385812842089043,2.416435952228545,0.2760172222322301,0.0030319023073668,0.2032320907585776,0.1531342249240529,0.0206807882294434,0.0,0.0,24.46153846153846,0.0,13.0,1.0,13,1.0,0,0.0,0,0.0,0,0.0
PBC,CESA,PBC_PBC_CoxPH,change_point,0.1,13,13,1.0,0.951048951048951,2.6194566455431607,2.893793699537317,0.2648546073838728,0.0030131936890449,0.1814000390815634,0.1473722633863172,0.021825062152437,0.0,0.0,25.23076923076923,0.0,13.0,1.0,13,1.0,0,0.0,0,0.0,0,0.0
PBC,CESA,PBC_PBC_CoxPH,change_point,0.25,13,13,1.0,0.9475524475524476,3.029995276032236,2.995820566025261,0.246146220078047,0.0030043754623665,0.1806087862631721,0.1389506753867653,0.0223184425390522,0.0,0.0,25.76923076923077,0.0,13.0,1.0,13,1.0,0,0.0,0,0.0,0,0.0
PBC,CESA,PBC_PBC_CoxPH,change_point,0.5,13,13,1.0,0.923076923076923,3.49988945225394,4.038762960548322,0.2343058907695544,0.003001411232757,0.1735430579563315,0.127057620539115,0.0362299703869771,0.0,0.0,30.846153846153847,0.0,13.0,1.0,13,1.0,0,0.0,0,0.0,0,0.0
PBC,CESA,PBC_PBC_DeepHIT,0.3333333333333333,0.05,13,13,1.0,0.951048951048951,2.1485473205145302,3.130285850726025,0.3236643489228579,0.0040688540768594,0.5207666322971257,0.181367753845944,0.060309782616409,0.0,0.0,32.0,0.0,13.0,1.0,13,1.0,0,0.0,0,0.0,0,0.0
PBC,CESA,PBC_PBC_DeepHIT,0.3333333333333333,0.1,13,13,1.0,0.9440559440559441,2.9305494229067435,3.4304758679857774,0.3037847480009077,0.0041779371531447,0.5248389684413375,0.1731739468478526,0.0615810730758732,0.0,0.0,33.15384615384615,0.0,13.0,1.0,13,1.0,0,0.0,0,0.0,0,0.0
PBC,CESA,PBC_PBC_DeepHIT,0.3333333333333333,0.25,13,13,1.0,0.9055944055944056,3.7266133991240378,6.084389639079665,0.2664241539224839,0.0053421174592445,0.4490121221734941,0.1377639989211904,0.0850374613834831,0.0,0.0,36.61538461538461,0.0,13.0,1.0,13,1.0,0,0.0,0,0.0,0,0.0
PBC,CESA,PBC_PBC_DeepHIT,0.3333333333333333,0.5,13,13,1.0,0.8286713286713286,6.420491446705556,8.510107558060072,0.2189008015378091,0.0045533598470053,0.3853255149971171,0.1271598169248766,0.0682396680024864,0.0,0.0,36.0,0.0,13.0,1.0,13,1.0,0,0.0,0,0.0,0,0.0
PBC,CESA,PBC_PBC_DeepHIT,0.6666666666666666,0.05,13,12,0.9230769230769232,0.9166666666666667,3.473242088703552,5.006233754039122,0.3225205254154086,0.0040357862477928,0.4793338951606731,0.173723571000058,0.0882125231655663,0.0,0.0,40.25,0.0,12.0,1.0,12,1.0,0,0.0,0,0.0,0,0.0
PBC,CESA,PBC_PBC_DeepHIT,0.6666666666666666,0.1,13,12,0.9230769230769232,0.893939393939394,3.9886745647460975,5.659633775825163,0.2748380247515645,0.0068084705829581,0.524604383877588,0.1541013720040306,0.0761585005820961,0.0,0.0,37.41666666666666,0.0,12.0,1.0,12,1.0,0,0.0,0,0.0,0,0.0
PBC,CESA,PBC_PBC_DeepHIT,0.6666666666666666,0.25,13,11,0.8461538461538461,0.706611570247934,6.992825887407815,9.671158138098445,0.2752492519992467,0.0041840276376619,0.3718750527485256,0.1258846139985094,0.1130926936338338,0.008810671182635,0.0,45.36363636363637,0.0,11.0,1.0,10,0.9090909090909092,0,0.0,1,0.0909090909090909,0,0.0
PBC,CESA,PBC_PBC_DeepHIT,0.6666666666666666,0.5,13,0,0.0,,,,,,,,,,,,,,,0,0.0,0,0.0,0,0.0,0,0.0
PBC,CESA,PBC_PBC_DeepHIT,change_point,0.05,13,10,0.7692307692307693,0.9363636363636364,2.2435880449067858,4.150967884665723,0.2609317689013551,0.0038879830986843,0.4415290926815025,0.1709662685971125,0.0203242193980258,0.0,0.0,25.0,0.0,10.0,1.0,10,1.0,0,0.0,0,0.0,0,0.0
PBC,CESA,PBC_PBC_DeepHIT,change_point,0.1,13,9,0.6923076923076923,0.9494949494949495,2.05544184983754,3.5094793869616283,0.2712000242188676,0.0037885908887902,0.4894835287841756,0.178565925777851,0.0204299374454421,0.0,0.0,24.77777777777778,0.0,9.0,1.0,9,1.0,0,0.0,0,0.0,0,0.0
PBC,CESA,PBC_PBC_DeepHIT,change_point,0.25,13,9,0.6923076923076923,0.9444444444444445,2.967138585837009,4.775383244397315,0.2953033154448753,0.0043008545552664,0.4693201282740552,0.1884613405547699,0.037841271554094,0.0,0.0,26.666666666666668,0.0,9.0,1.0,9,1.0,0,0.0,0,0.0,0,0.0
PBC,CESA,PBC_PBC_DeepHIT,change_point,0.5,13,9,0.6923076923076923,0.9191919191919191,3.250089903002529,5.71651000347619,0.2716086555576314,0.0050793457760139,0.5226336287942104,0.1620839503351211,0.0565979212244403,0.0,0.0,32.22222222222222,0.0,9.0,1.0,9,1.0,0,0.0,0,0.0,0,0.0
PBC,CESA,PBC_PBC_GradientBoostingSurvival,0.3333333333333333,0.05,13,13,1.0,0.9440559440559441,3.066408052124033,3.431183579008178,0.2030852919258625,0.0028965938455747,1.548105354187753,0.1149735246928265,0.0299807373085059,0.0,0.0,29.46153846153846,0.0,12.0,0.9230769230769232,13,1.0,0,0.0,0,0.0,0,0.0
PBC,CESA,PBC_PBC_GradientBoostingSurvival,0.3333333333333333,0.1,13,13,1.0,0.9440559440559441,3.066408052124033,3.431183579008178,0.2045732942295637,0.0029325045403451,1.548105354187753,0.1151474132269728,0.0313947221517222,0.0,0.0,29.923076923076923,0.0,12.0,0.9230769230769232,13,1.0,0,0.0,0,0.0,0,0.0
PBC,CESA,PBC_PBC_GradientBoostingSurvival,0.3333333333333333,0.25,13,13,1.0,0.9440559440559441,3.493416633859266,3.623754091554945,0.2013222791541081,0.0028875785367115,1.352906680990054,0.112760094229508,0.0339636559969781,0.0,0.0,30.923076923076923,0.0,12.0,0.9230769230769232,13,1.0,0,0.0,0,0.0,0,0.0
PBC,CESA,PBC_PBC_GradientBoostingSurvival,0.3333333333333333,0.5,13,13,1.0,0.93006993006993,3.9293721199575393,4.345292627751372,0.1883377426151687,0.002927658385418,0.9214500495744664,0.1045479284612855,0.0388067159230838,0.0,0.0,33.0,0.0,13.0,1.0,13,1.0,0,0.0,0,0.0,0,0.0
PBC,CESA,PBC_PBC_GradientBoostingSurvival,0.6666666666666666,0.05,13,13,1.0,0.9370629370629371,3.850582337803104,4.209965425469712,0.1835024955395895,0.0029547076130536,0.9312393684546524,0.1060681602337773,0.0304297915371045,0.0,0.0,30.153846153846157,0.0,13.0,1.0,13,1.0,0,0.0,0,0.0,0,0.0
PBC,CESA,PBC_PBC_GradientBoostingSurvival,0.6666666666666666,0.1,13,13,1.0,0.923076923076923,4.049782190135591,4.518617933544654,0.1727717763827128,0.0029384723871212,0.7433526608087533,0.0971021500792211,0.0389249086919545,0.0,0.0,33.38461538461539,0.0,13.0,1.0,13,1.0,0,0.0,0,0.0,0,0.0
PBC,CESA,PBC_PBC_GradientBoostingSurvival,0.6666666666666666,0.25,13,13,1.0,0.8846153846153846,4.572834534762272,5.07746709036997,0.1408794476917067,0.0029198900805428,0.6635460776041953,0.0828783420763032,0.0385862976926056,0.0,0.0,33.84615384615385,0.0,13.0,1.0,13,1.0,0,0.0,0,0.0,0,0.0
PBC,CESA,PBC_PBC_GradientBoostingSurvival,0.6666666666666666,0.5,13,11,0.8461538461538461,0.8305785123966942,5.816296098514638,7.487488106654999,0.1270752634564732,0.002924964362385,0.6994409526437466,0.0797508428196041,0.0340839834547792,0.0,0.0,32.72727272727273,0.0,11.0,1.0,11,1.0,0,0.0,0,0.0,0,0.0
PBC,CESA,PBC_PBC_GradientBoostingSurvival,change_point,0.05,13,13,1.0,0.9440559440559441,3.066408052124033,3.431183579008178,0.2068948299263586,0.0029373155389643,1.548105354187753,0.116742887231969,0.0305610978472171,0.0,0.0,29.46153846153846,0.0,12.0,0.9230769230769232,13,1.0,0,0.0,0,0.0,0,0.0
PBC,CESA,PBC_PBC_GradientBoostingSurvival,change_point,0.1,13,13,1.0,0.9440559440559441,3.066408052124033,3.431183579008178,0.206843974306069,0.0029556559255489,1.548105354187753,0.116870536001023,0.0305365269238021,0.0,0.0,29.46153846153846,0.0,12.0,0.9230769230769232,13,1.0,0,0.0,0,0.0,0,0.0
PBC,CESA,PBC_PBC_GradientBoostingSurvival,change_point,0.25,13,13,1.0,0.9440559440559441,3.481096241935592,3.909701434820623,0.2008092277705705,0.0030401308467844,1.3834354838878076,0.113110563615919,0.033147059694434,0.0,0.0,30.46153846153846,0.0,12.0,0.9230769230769232,13,1.0,0,0.0,0,0.0,0,0.0
PBC,CESA,PBC_PBC_GradientBoostingSurvival,change_point,0.5,13,13,1.0,0.9335664335664337,3.828906430929668,4.299268578114317,0.1956795355340895,0.0029472664632171,1.25695447573797,0.1068140213039721,0.0417907674575242,0.0,0.0,33.61538461538461,0.0,12.0,0.9230769230769232,13,1.0,0,0.0,0,0.0,0,0.0
PBC,CESA,PBC_PBC_RSF,0.3333333333333333,0.05,13,12,0.9230769230769232,0.9545454545454546,2.425463273055977,2.860811191948676,0.5279545634997097,0.013713956917248,0.0465881933889407,0.3722547547489133,0.0502418246663486,0.0,0.0,24.666666666666668,0.0,12.0,1.0,12,1.0,0,0.0,0,0.0,0,0.0
PBC,CESA,PBC_PBC_RSF,0.3333333333333333,0.1,13,12,0.9230769230769232,0.9545454545454546,2.420699034386276,2.698755699254408,0.5314480524151198,0.0136845118322526,0.0542319068788965,0.3655050749985093,0.0669017625017052,0.0,0.0,25.916666666666668,0.0,12.0,1.0,12,1.0,0,0.0,0,0.0,0,0.0
PBC,CESA,PBC_PBC_RSF,0.3333333333333333,0.25,13,12,0.9230769230769232,0.9431818181818182,3.813129108358412,3.810071856586314,0.5550288977501623,0.0137578383316091,0.0473069553997846,0.355282544001966,0.1177769481679812,0.0,0.0,29.666666666666668,0.0,12.0,1.0,12,1.0,0,0.0,0,0.0,0,0.0
PBC,CESA,PBC_PBC_RSF,0.3333333333333333,0.5,13,11,0.8461538461538461,0.8347107438016529,5.681979505416774,6.167527677030196,0.5605491680908017,0.0139669803651155,0.0731162065051765,0.3201444339978149,0.1887389367263743,0.0086706312722526,0.0,36.09090909090909,0.0,11.0,1.0,10,0.9090909090909092,0,0.0,1,0.0909090909090909,0,0.0
PBC,CESA,PBC_PBC_RSF,0.6666666666666666,0.05,13,13,1.0,0.9545454545454546,3.0161675372264964,2.737684827944728,0.5164876716142037,0.0138307704619364,0.033851821261248,0.3595758507648358,0.0640724550791604,0.0,0.0,25.692307692307693,0.0,13.0,1.0,13,1.0,0,0.0,0,0.0,0,0.0
PBC,CESA,PBC_PBC_RSF,0.6666666666666666,0.1,13,13,1.0,0.9405594405594406,3.386522789710193,4.020350134611067,0.5591429398482433,0.0138190211549114,0.0364018084840774,0.3486053583082349,0.1357149953837506,0.0,0.0,31.07692307692308,0.0,13.0,1.0,13,1.0,0,0.0,0,0.0,0,0.0
PBC,CESA,PBC_PBC_RSF,0.6666666666666666,0.25,13,12,0.9230769230769232,0.8787878787878788,4.449755858936586,5.814509802460609,0.5757984421676762,0.013817814833601,0.0633114670049792,0.3222913624995271,0.2130775670011644,0.0,0.0,36.91666666666666,0.0,12.0,1.0,12,1.0,0,0.0,0,0.0,0,0.0
PBC,CESA,PBC_PBC_RSF,0.6666666666666666,0.5,13,0,0.0,,,,,,,,,,,,,,,0,0.0,0,0.0,0,0.0,0,0.0
PBC,CESA,PBC_PBC_RSF,change_point,0.05,12,12,1.0,0.9545454545454546,1.849898211509172,2.6856647798570186,0.5196561162495831,0.0138452286664687,0.0421309265128922,0.3709065748347105,0.0462994262488791,0.0,0.0,24.416666666666668,0.0,12.0,1.0,12,1.0,0,0.0,0,0.0,0,0.0
PBC,CESA,PBC_PBC_RSF,change_point,0.1,12,12,1.0,0.9090909090909091,3.628781784479816,4.001111919096762,0.5429233399991062,0.0138084900815253,0.0446545424953913,0.3662620357499691,0.0699011347508834,0.0079199597494152,0.0,26.83333333333333,0.0,12.0,1.0,11,0.9166666666666666,0,0.0,1,0.0833333333333333,0,0.0
PBC,CESA,PBC_PBC_RSF,change_point,0.25,12,11,0.9166666666666666,0.9380165289256198,3.5470834472355524,3.729292970050734,0.6297299030900997,0.0137059600912669,0.068123880142295,0.3675521952721862,0.1641541661811061,0.0,0.0,32.90909090909091,0.0,11.0,1.0,11,1.0,0,0.0,0,0.0,0,0.0
PBC,CESA,PBC_PBC_RSF,change_point,0.5,12,9,0.75,0.9292929292929292,4.0002096552625295,3.9620074056049694,0.6936091482186586,0.0142305294462453,0.0856042759369243,0.3545319711103932,0.2646879547796238,0.0,0.0,40.333333333333336,0.0,9.0,1.0,9,1.0,0,0.0,0,0.0,0,0.0
PBC,MPSO,PBC_PBC_CoxPH,0.3333333333333333,0.05,29,27,0.9310344827586208,0.37542087542087543,5.868322377693547,12.6680664451745,1.8925684207033893,0.002965468815226,1.2947654839850598,0.0,0.0,0.0,0.0,0.0,0.0,24.0,0.8888888888888888,0,0.0,0,0.0,0,0.0,0,0.0
PBC,MPSO,PBC_PBC_CoxPH,0.3333333333333333,0.1,29,26,0.896551724137931,0.3094405594405595,7.901401720617305,13.80728655173119,1.9099168310366128,0.0029553232312677,5.318899100983274,0.0,0.0,0.0,0.0,0.0,0.0,21.0,0.8076923076923077,0,0.0,0,0.0,0,0.0,0,0.0
PBC,MPSO,PBC_PBC_CoxPH,0.3333333333333333,0.25,29,29,1.0,0.25078369905956116,10.291714683658062,15.013740271765528,1.9126804212072128,0.0029266083443432,4.567506738442614,0.0,0.0,0.0,0.0,0.0,0.0,21.0,0.7241379310344828,0,0.0,0,0.0,0,0.0,0,0.0
PBC,MPSO,PBC_PBC_CoxPH,0.3333333333333333,0.5,29,29,1.0,0.22727272727272727,10.104326555854504,15.92067391465554,1.9204923079990388,0.0029420633815381,6.029602998581924,0.0,0.0,0.0,0.0,0.0,0.0,19.0,0.6551724137931034,0,0.0,0,0.0,0,0.0,0,0.0
PBC,MPSO,PBC_PBC_CoxPH,0.6666666666666666,0.05,29,28,0.9655172413793104,0.22889610389610385,10.186925205702972,15.662868387606538,1.90648385006976,0.0029259023218141,2.5126956429592378,0.0,0.0,0.0,0.0,0.0,0.0,22.0,0.7857142857142857,0,0.0,0,0.0,0,0.0,0,0.0
PBC,MPSO,PBC_PBC_CoxPH,0.6666666666666666,0.1,29,29,1.0,0.2993730407523511,9.661284084082196,14.476673455149957,1.9207360580697024,0.0029550429307133,5.434428680068508,0.0,0.0,0.0,0.0,0.0,0.0,20.0,0.6896551724137931,0,0.0,0,0.0,0,0.0,0,0.0
PBC,MPSO,PBC_PBC_CoxPH,0.6666666666666666,0.25,29,28,0.9655172413793104,0.21266233766233758,9.50142002850704,15.787015249695113,1.915188453214796,0.0029492587148394,9.20191836734344,0.0,0.0,0.0,0.0,0.0,0.0,16.0,0.5714285714285714,0,0.0,0,0.0,0,0.0,0,0.0
PBC,MPSO,PBC_PBC_CoxPH,0.6666666666666666,0.5,29,28,0.9655172413793104,0.24350649350649353,10.040647188998856,15.839254911125575,1.9192416061435196,0.0029752013225723,9.350739409106923,0.0,0.0,0.0,0.0,0.0,0.0,14.0,0.5,0,0.0,0,0.0,0,0.0,0,0.0
PBC,MPSO,PBC_PBC_CoxPH,change_point,0.05,29,28,0.9655172413793104,0.3717532467532468,6.109817102087912,13.3985149595584,1.9134434764990669,0.0029495139990883,5.191574783235389,0.0,0.0,0.0,0.0,0.0,0.0,22.0,0.7857142857142857,0,0.0,0,0.0,0,0.0,0,0.0
PBC,MPSO,PBC_PBC_CoxPH,change_point,0.1,29,28,0.9655172413793104,0.25,8.470734040111427,15.308408552338218,1.9094517031782223,0.0029574510356594,3.5579774386280434,0.0,0.0,0.0,0.0,0.0,0.0,23.0,0.8214285714285714,0,0.0,0,0.0,0,0.0,0,0.0
PBC,MPSO,PBC_PBC_CoxPH,change_point,0.25,29,29,1.0,0.27429467084639503,8.53761844709538,14.958164683332749,1.9315313591726189,0.0029841695850963,5.3755924602147465,0.0,0.0,0.0,0.0,0.0,0.0,22.0,0.7586206896551724,0,0.0,0,0.0,0,0.0,0,0.0
PBC,MPSO,PBC_PBC_CoxPH,change_point,0.5,29,27,0.9310344827586208,0.2693602693602694,9.056847351641496,15.339294858505788,1.933595773852344,0.0029547354060923,6.986682884141244,0.0,0.0,0.0,0.0,0.0,0.0,20.0,0.7407407407407407,0,0.0,0,0.0,0,0.0,0,0.0
PBC,MPSO,PBC_PBC_DeepHIT,0.3333333333333333,0.05,29,29,1.0,0.20689655172413798,9.267689700152111,15.973084166984096,4.987607110344721,0.0069877793102932,0.3192661507935482,0.0,0.0,0.0,0.0,0.0,0.0,29.0,1.0,0,0.0,0,0.0,0,0.0,0,0.0
PBC,MPSO,PBC_PBC_DeepHIT,0.3333333333333333,0.1,29,29,1.0,0.14733542319749224,11.32405361891944,17.116684004980737,5.063459993103168,0.0072543827586271,0.2819020513678141,0.0,0.0,0.0,0.0,0.0,0.0,29.0,1.0,0,0.0,0,0.0,0,0.0,0,0.0
PBC,MPSO,PBC_PBC_DeepHIT,0.3333333333333333,0.25,29,29,1.0,0.11285266457680249,11.87724523784613,17.770032984860602,5.2822355758620185,0.0073677241377701,0.2792430368731724,0.0,0.0,0.0,0.0,0.0,0.0,29.0,1.0,0,0.0,0,0.0,0,0.0,0,0.0
PBC,MPSO,PBC_PBC_DeepHIT,0.3333333333333333,0.5,29,29,1.0,0.0987460815047022,12.309049552581534,17.63381653585708,5.437130189654987,0.0079445448275158,0.2755881894290942,0.0,0.0,0.0,0.0,0.0,0.0,29.0,1.0,0,0.0,0,0.0,0,0.0,0,0.0
PBC,MPSO,PBC_PBC_DeepHIT,0.6666666666666666,0.05,29,29,1.0,0.17398119122257052,11.164479724118186,16.403826614485045,5.20640530000015,0.0080912793104728,0.2668069268942121,0.0,0.0,0.0,0.0,0.0,0.0,29.0,1.0,0,0.0,0,0.0,0,0.0,0,0.0
PBC,MPSO,PBC_PBC_DeepHIT,0.6666666666666666,0.1,29,29,1.0,0.13479623824451406,11.249249452641772,16.994583341315536,5.290453386206756,0.0078044758621876,0.3200862024091175,0.0,0.0,0.0,0.0,0.0,0.0,29.0,1.0,0,0.0,0,0.0,0,0.0,0,0.0
PBC,MPSO,PBC_PBC_DeepHIT,0.6666666666666666,0.25,29,29,1.0,0.037617554858934164,11.810548906884536,18.2003745249207,5.201884151724291,0.0080373275862978,0.2917445609102044,0.0,0.0,0.0,0.0,0.0,0.0,29.0,1.0,0,0.0,0,0.0,0,0.0,0,0.0
PBC,MPSO,PBC_PBC_DeepHIT,0.6666666666666666,0.5,29,29,1.0,0.012539184952978,13.46517089549687,18.65482808293028,5.327572355172379,0.0076700137934526,0.2188574974991582,0.0,0.0,0.0,0.0,0.0,0.0,29.0,1.0,0,0.0,0,0.0,0,0.0,0,0.0
PBC,MPSO,PBC_PBC_DeepHIT,change_point,0.05,29,20,0.6896551724137931,0.4477272727272727,3.512745453586553,11.05746180865312,5.518733835000058,0.0073672200001055,0.1262687154314068,0.0,0.0,0.0,0.0,0.0,0.0,20.0,1.0,0,0.0,0,0.0,0,0.0,0,0.0
PBC,MPSO,PBC_PBC_DeepHIT,change_point,0.1,29,23,0.7931034482758621,0.44071146245059295,5.463736573735386,11.146385718063488,5.042671186956479,0.0075456739127928,0.1451945614885069,0.0,0.0,0.0,0.0,0.0,0.0,23.0,1.0,0,0.0,0,0.0,0,0.0,0,0.0
PBC,MPSO,PBC_PBC_DeepHIT,change_point,0.25,29,23,0.7931034482758621,0.2075098814229249,8.06075453546377,15.488165966745909,5.184250547826315,0.0072934521739744,0.1238281554910974,0.0,0.0,0.0,0.0,0.0,0.0,23.0,1.0,0,0.0,0,0.0,0,0.0,0,0.0
PBC,MPSO,PBC_PBC_DeepHIT,change_point,0.5,29,25,0.8620689655172413,0.29636363636363633,7.60755524297225,13.93777168450868,5.378724931999968,0.0078235879995918,0.1734580105322608,0.0,0.0,0.0,0.0,0.0,0.0,25.0,1.0,0,0.0,0,0.0,0,0.0,0,0.0
PBC,MPSO,PBC_PBC_GradientBoostingSurvival,0.3333333333333333,0.05,29,28,0.9655172413793104,0.3782467532467532,7.041922195269364,12.250957445666344,1.937283535606444,0.002988256820702,1.6969772239886205,0.0,0.0,0.0,0.0,0.0,0.0,19.0,0.6785714285714286,0,0.0,0,0.0,0,0.0,0,0.0
PBC,MPSO,PBC_PBC_GradientBoostingSurvival,0.3333333333333333,0.1,29,27,0.9310344827586208,0.31313131313131315,6.975628242323386,14.347378260137296,1.9884488158158664,0.0030720193710833,1.4431477253129574,0.0,0.0,0.0,0.0,0.0,0.0,21.0,0.7777777777777778,0,0.0,0,0.0,0,0.0,0,0.0
PBC,MPSO,PBC_PBC_GradientBoostingSurvival,0.3333333333333333,0.25,29,29,1.0,0.2664576802507837,8.107120759550186,15.171041943467548,1.9629578097574891,0.0030445413099971,1.086399200230276,0.0,0.0,0.0,0.0,0.0,0.0,23.0,0.7931034482758621,0,0.0,0,0.0,0,0.0,0,0.0
PBC,MPSO,PBC_PBC_GradientBoostingSurvival,0.3333333333333333,0.5,29,29,1.0,0.19905956112852669,9.92537620919869,16.18157262847613,1.9540447776902323,0.0030302393093608,0.8794207500739675,0.0,0.0,0.0,0.0,0.0,0.0,27.0,0.9310344827586208,0,0.0,0,0.0,0,0.0,0,0.0
PBC,MPSO,PBC_PBC_GradientBoostingSurvival,0.6666666666666666,0.05,29,29,1.0,0.30877742946708453,7.478857264531876,14.109043695617826,1.976978523173,0.0030467301388351,0.644493358278497,0.0,0.0,0.0,0.0,0.0,0.0,26.0,0.896551724137931,0,0.0,0,0.0,0,0.0,0,0.0
PBC,MPSO,PBC_PBC_GradientBoostingSurvival,0.6666666666666666,0.1,29,29,1.0,0.2758620689655173,9.085268385843948,15.047171416320126,1.976765688963371,0.0030729992070299,0.5669566826801717,0.0,0.0,0.0,0.0,0.0,0.0,27.0,0.9310344827586208,0,0.0,0,0.0,0,0.0,0,0.0
PBC,MPSO,PBC_PBC_GradientBoostingSurvival,0.6666666666666666,0.25,29,28,0.9655172413793104,0.24512987012987011,9.719109040622929,15.276261517782496,1.981149319393028,0.0030551225723424,0.4358614212875132,0.0,0.0,0.0,0.0,0.0,0.0,28.0,1.0,0,0.0,0,0.0,0,0.0,0,0.0
PBC,MPSO,PBC_PBC_GradientBoostingSurvival,0.6666666666666666,0.5,29,28,0.9655172413793104,0.1574675324675325,11.941673151913722,16.969280130733296,1.9661978068938228,0.0030362446424468,0.4874097821262954,0.0,0.0,0.0,0.0,0.0,0.0,28.0,1.0,0,0.0,0,0.0,0,0.0,0,0.0
PBC,MPSO,PBC_PBC_GradientBoostingSurvival,change_point,0.05,29,28,0.9655172413793104,0.3035714285714286,7.240503636136954,14.42446700751472,1.9741497633575429,0.0030444491785601,1.745474296957316,0.0,0.0,0.0,0.0,0.0,0.0,19.0,0.6785714285714286,0,0.0,0,0.0,0,0.0,0,0.0
PBC,MPSO,PBC_PBC_GradientBoostingSurvival,change_point,0.1,29,29,1.0,0.24764890282131657,8.937520520578293,15.049984953555356,1.9648156824826808,0.0030410521721933,1.5780803202407487,0.0,0.0,0.0,0.0,0.0,0.0,21.0,0.7241379310344828,0,0.0,0,0.0,0,0.0,0,0.0
PBC,MPSO,PBC_PBC_GradientBoostingSurvival,change_point,0.25,29,29,1.0,0.2884012539184953,7.820951270737516,14.705632265662256,1.9495106917938445,0.0029956529304337,1.3043631351064318,0.0,0.0,0.0,0.0,0.0,0.0,24.0,0.8275862068965517,0,0.0,0,0.0,0,0.0,0,0.0
PBC,MPSO,PBC_PBC_GradientBoostingSurvival,change_point,0.5,29,29,1.0,0.25548589341692785,9.669974617640174,15.270911146685918,1.9588592541705143,0.0030200794481688,1.2522651396092253,0.0,0.0,0.0,0.0,0.0,0.0,22.0,0.7586206896551724,0,0.0,0,0.0,0,0.0,0,0.0
PBC,MPSO,PBC_PBC_RSF,0.3333333333333333,0.05,29,28,0.9655172413793104,0.41558441558441556,5.362605813372591,11.03991198034637,12.757783414285573,0.0222532642854795,0.0344090637467602,0.0,0.0,0.0,0.0,0.0,0.0,28.0,1.0,0,0.0,0,0.0,0,0.0,0,0.0
PBC,MPSO,PBC_PBC_RSF,0.3333333333333333,0.1,29,27,0.9310344827586208,0.34175084175084186,6.063949331422886,13.217427760051567,12.83550748888882,0.0225333259257712,0.0356539444302645,0.0,0.0,0.0,0.0,0.0,0.0,27.0,1.0,0,0.0,0,0.0,0,0.0,0,0.0
PBC,MPSO,PBC_PBC_RSF,0.3333333333333333,0.25,29,27,0.9310344827586208,0.31313131313131315,6.640530154410514,13.75119457405168,13.242351766666683,0.0240369296297339,0.0299970818004842,0.0,0.0,0.0,0.0,0.0,0.0,27.0,1.0,0,0.0,0,0.0,0,0.0,0,0.0
PBC,MPSO,PBC_PBC_RSF,0.3333333333333333,0.5,29,17,0.5862068965517241,0.1737967914438503,10.718292705325718,16.36067111614416,12.079337005882577,0.024594547058608,0.0260280779648491,0.0,0.0,0.0,0.0,0.0,0.0,17.0,1.0,0,0.0,0,0.0,0,0.0,0,0.0
PBC,MPSO,PBC_PBC_RSF,0.6666666666666666,0.05,29,29,1.0,0.3510971786833856,6.153626582589265,13.008201059343955,12.21819707931034,0.0216976724139009,0.0222014268675075,0.0,0.0,0.0,0.0,0.0,0.0,29.0,1.0,0,0.0,0,0.0,0,0.0,0,0.0
PBC,MPSO,PBC_PBC_RSF,0.6666666666666666,0.1,29,28,0.9655172413793104,0.25,8.303328974519937,14.729943477348504,13.143767749999954,0.024782557142901,0.0195420816109331,0.0,0.0,0.0,0.0,0.0,0.0,28.0,1.0,0,0.0,0,0.0,0,0.0,0,0.0
PBC,MPSO,PBC_PBC_RSF,0.6666666666666666,0.25,29,26,0.896551724137931,0.2657342657342658,8.458387183145865,14.555461053159366,12.54557439230764,0.0210071999998455,0.0400995271404828,0.0,0.0,0.0,0.0,0.0,0.0,26.0,1.0,0,0.0,0,0.0,0,0.0,0,0.0
PBC,MPSO,PBC_PBC_RSF,0.6666666666666666,0.5,29,3,0.1034482758620689,-0.045454545454545456,16.36328785397428,18.6194332977226,13.479283500000747,0.0255301000003479,0.0461910489324926,0.0,0.0,0.0,0.0,0.0,0.0,3.0,1.0,0,0.0,0,0.0,0,0.0,0,0.0
PBC,MPSO,PBC_PBC_RSF,change_point,0.05,28,27,0.9642857142857144,0.494949494949495,3.314536579277592,9.292900123644117,12.566559322222156,0.0226769222223352,0.0418154572895626,0.0,0.0,0.0,0.0,0.0,0.0,27.0,1.0,0,0.0,0,0.0,0,0.0,0,0.0
PBC,MPSO,PBC_PBC_RSF,change_point,0.1,28,27,0.9642857142857144,0.40740740740740744,4.586933414282929,10.955546683315388,13.388321803703851,0.0260490814814855,0.0314833578019278,0.0,0.0,0.0,0.0,0.0,0.0,27.0,1.0,0,0.0,0,0.0,0,0.0,0,0.0
PBC,MPSO,PBC_PBC_RSF,change_point,0.25,28,24,0.8571428571428571,0.28598484848484845,7.269601228384954,13.650934620600054,12.162405091666718,0.027009608333401,0.0264120932066787,0.0,0.0,0.0,0.0,0.0,0.0,24.0,1.0,0,0.0,0,0.0,0,0.0,0,0.0
PBC,MPSO,PBC_PBC_RSF,change_point,0.5,28,11,0.3928571428571428,0.18181818181818182,10.497276536608506,16.08539213051299,12.67516005454573,0.0254287090905232,0.0621718182422541,0.0,0.0,0.0,0.0,0.0,0.0,11.0,1.0,0,0.0,0,0.0,0,0.0,0,0.0
PBC,NN,PBC_PBC_CoxPH,0.3333333333333333,0.05,13,11,0.8461538461538461,0.36776859504132237,10.157429223375908,12.586509743740065,0.0047790878161322,0.0030584237260468,0.2123644892103109,0.0,0.0,0.0,0.0,0.0,0.0,11.0,1.0,0,0.0,0,0.0,0,0.0,0,0.0
PBC,NN,PBC_PBC_CoxPH,0.3333333333333333,0.1,13,12,0.9230769230769232,0.37121212121212116,10.417384983787349,12.873528969890351,0.0048136530846628,0.0030767343329595,0.197945126660787,0.0,0.0,0.0,0.0,0.0,0.0,12.0,1.0,0,0.0,0,0.0,0,0.0,0,0.0
PBC,NN,PBC_PBC_CoxPH,0.3333333333333333,0.25,13,12,0.9230769230769232,0.3560606060606061,10.877646105576256,12.676248469298368,0.0047686929174233,0.0030653496663338,0.1975073138427043,0.0,0.0,0.0,0.0,0.0,0.0,12.0,1.0,0,0.0,0,0.0,0,0.0,0,0.0
PBC,NN,PBC_PBC_CoxPH,0.3333333333333333,0.5,13,13,1.0,0.3146853146853147,12.048360771793185,14.04843687102464,0.004800503307846,0.0030315289220127,0.1876429307556832,0.0,0.0,0.0,0.0,0.0,0.0,13.0,1.0,0,0.0,0,0.0,0,0.0,0,0.0
PBC,NN,PBC_PBC_CoxPH,0.6666666666666666,0.05,13,12,0.9230769230769232,0.32954545454545453,11.477206757588228,12.952447164951089,0.004812696162844,0.0030957227512165,0.1954334169382409,0.0,0.0,0.0,0.0,0.0,0.0,12.0,1.0,0,0.0,0,0.0,0,0.0,0,0.0
PBC,NN,PBC_PBC_CoxPH,0.6666666666666666,0.1,13,11,0.8461538461538461,0.3223140495867769,11.641029634407834,13.493606747008029,0.0047712327293331,0.0030469391825714,0.1164983890618194,0.0,0.0,0.0,0.0,0.0,0.0,11.0,1.0,0,0.0,0,0.0,0,0.0,0,0.0
PBC,NN,PBC_PBC_CoxPH,0.6666666666666666,0.25,13,11,0.8461538461538461,0.2809917355371901,12.464891897548556,14.647269473832404,0.0047471526354043,0.0030561489971164,0.2106926164915979,0.0,0.0,0.0,0.0,0.0,0.0,11.0,1.0,0,0.0,0,0.0,0,0.0,0,0.0
PBC,NN,PBC_PBC_CoxPH,0.6666666666666666,0.5,13,4,0.3076923076923077,0.20454545454545456,15.123264462755936,15.027558473620145,0.0047109220067795,0.0029901557500124,0.3480350943093594,0.0,0.0,0.0,0.0,0.0,0.0,4.0,1.0,0,0.0,0,0.0,0,0.0,0,0.0
PBC,NN,PBC_PBC_CoxPH,change_point,0.05,13,11,0.8461538461538461,0.371900826446281,10.088232004709177,12.863406643969524,0.0047716223634779,0.0030880238217915,0.206369875716013,0.0,0.0,0.0,0.0,0.0,0.0,11.0,1.0,0,0.0,0,0.0,0,0.0,0,0.0
PBC,NN,PBC_PBC_CoxPH,change_point,0.1,13,13,1.0,0.3706293706293705,10.467528647025658,13.07476089529498,0.0047999943042388,0.0030686542293271,0.1784242226256291,0.0,0.0,0.0,0.0,0.0,0.0,13.0,1.0,0,0.0,0,0.0,0,0.0,0,0.0
PBC,NN,PBC_PBC_CoxPH,change_point,0.25,13,11,0.8461538461538461,0.35537190082644626,11.000630017068696,13.026343386782328,0.0047812709090067,0.0030383115451761,0.2054019100625286,0.0,0.0,0.0,0.0,0.0,0.0,11.0,1.0,0,0.0,0,0.0,0,0.0,0,0.0
PBC,NN,PBC_PBC_CoxPH,change_point,0.5,13,13,1.0,0.3321678321678322,11.537055578761244,13.95306326449861,0.0048645543832278,0.0030198157675421,0.1811709220778584,0.0,0.0,0.0,0.0,0.0,0.0,13.0,1.0,0,0.0,0,0.0,0,0.0,0,0.0
PBC,NN,PBC_PBC_DeepHIT,0.3333333333333333,0.05,13,13,1.0,0.34265734265734266,10.9735347867354,13.171751133332991,0.005735220846523,0.0037077536925118,0.5820978241039871,0.0,0.0,0.0,0.0,0.0,0.0,13.0,1.0,0,0.0,0,0.0,0,0.0,0,0.0
PBC,NN,PBC_PBC_DeepHIT,0.3333333333333333,0.1,13,13,1.0,0.32867132867132864,11.297988416344422,13.136423677132642,0.0064216893067798,0.0046442030781271,0.4824995904308735,0.0,0.0,0.0,0.0,0.0,0.0,13.0,1.0,0,0.0,0,0.0,0,0.0,0,0.0
PBC,NN,PBC_PBC_DeepHIT,0.3333333333333333,0.25,13,13,1.0,0.3111888111888113,12.0264641057274,13.006018512704404,0.005576967230389,0.0035084786191314,0.4333583776211291,0.0,0.0,0.0,0.0,0.0,0.0,13.0,1.0,0,0.0,0,0.0,0,0.0,0,0.0
PBC,NN,PBC_PBC_DeepHIT,0.3333333333333333,0.5,13,13,1.0,0.2622377622377623,12.87484459955282,13.778825702728964,0.0056571657691025,0.003553360078233,0.4065513151569676,0.0,0.0,0.0,0.0,0.0,0.0,13.0,1.0,0,0.0,0,0.0,0,0.0,0,0.0
PBC,NN,PBC_PBC_DeepHIT,0.6666666666666666,0.05,13,12,0.9230769230769232,0.3522727272727273,10.929196973103998,13.071154859295604,0.0082739492487841,0.0054616808338323,0.8699857884459433,0.0,0.0,0.0,0.0,0.0,0.0,12.0,1.0,0,0.0,0,0.0,0,0.0,0,0.0
PBC,NN,PBC_PBC_DeepHIT,0.6666666666666666,0.1,13,12,0.9230769230769232,0.3106060606060606,11.75738380982577,13.299926318990272,0.0053640032492694,0.0035757055023471,0.543624330450496,0.0,0.0,0.0,0.0,0.0,0.0,12.0,1.0,0,0.0,0,0.0,0,0.0,0,0.0
PBC,NN,PBC_PBC_DeepHIT,0.6666666666666666,0.25,13,11,0.8461538461538461,0.2727272727272727,12.392733293011622,13.895662333833286,0.0065816047254801,0.0042476442745696,0.581258098776774,0.0,0.0,0.0,0.0,0.0,0.0,11.0,1.0,0,0.0,0,0.0,0,0.0,0,0.0
PBC,NN,PBC_PBC_DeepHIT,0.6666666666666666,0.5,13,0,0.0,,,,,,,,,,,,,,,0,0.0,0,0.0,0,0.0,0,0.0
PBC,NN,PBC_PBC_DeepHIT,change_point,0.05,13,12,0.9230769230769232,0.303030303030303,11.819663746670765,13.35142690388598,0.006567687584417,0.0047923735861938,0.4237402979993097,0.0,0.0,0.0,0.0,0.0,0.0,12.0,1.0,0,0.0,0,0.0,0,0.0,0,0.0
PBC,NN,PBC_PBC_DeepHIT,change_point,0.1,13,11,0.8461538461538461,0.2933884297520662,12.271187433289883,13.382479113459285,0.0061492683651687,0.0039978336360284,0.4151572018653643,0.0,0.0,0.0,0.0,0.0,0.0,11.0,1.0,0,0.0,0,0.0,0,0.0,0,0.0
PBC,NN,PBC_PBC_DeepHIT,change_point,0.25,13,11,0.8461538461538461,0.2975206611570247,12.095294797376448,13.000121377244126,0.0055724562764887,0.0040950271808965,0.3905889179399242,0.0,0.0,0.0,0.0,0.0,0.0,11.0,1.0,0,0.0,0,0.0,0,0.0,0,0.0
PBC,NN,PBC_PBC_DeepHIT,change_point,0.5,13,11,0.8461538461538461,0.2768595041322314,12.6009894961557,13.474580137909582,0.0056507201820336,0.0036021885462105,0.464277130005739,0.0,0.0,0.0,0.0,0.0,0.0,11.0,1.0,0,0.0,0,0.0,0,0.0,0,0.0
PBC,NN,PBC_PBC_GradientBoostingSurvival,0.3333333333333333,0.05,13,13,1.0,0.3531468531468532,10.755703467720856,12.859792582565326,0.0048871616141136,0.0030931579240132,2.2753150397276545,0.0,0.0,0.0,0.0,0.0,0.0,9.0,0.6923076923076923,0,0.0,0,0.0,0,0.0,0,0.0
PBC,NN,PBC_PBC_GradientBoostingSurvival,0.3333333333333333,0.1,13,13,1.0,0.3531468531468532,10.755703467720856,12.859792582565326,0.0050261650008346,0.003209284461963,2.2753150397276545,0.0,0.0,0.0,0.0,0.0,0.0,9.0,0.6923076923076923,0,0.0,0,0.0,0,0.0,0,0.0
PBC,NN,PBC_PBC_GradientBoostingSurvival,0.3333333333333333,0.25,13,12,0.9230769230769232,0.3522727272727273,10.8065772605286,12.50676988164104,0.005764890248732,0.0036659189160369,1.8315231121133,0.0,0.0,0.0,0.0,0.0,0.0,9.0,0.75,0,0.0,0,0.0,0,0.0,0,0.0
PBC,NN,PBC_PBC_GradientBoostingSurvival,0.3333333333333333,0.5,13,11,0.8461538461538461,0.3264462809917355,11.206436207132084,13.00350096311518,0.0048382920914181,0.0031026889112333,0.9509370320575647,0.0,0.0,0.0,0.0,0.0,0.0,10.0,0.9090909090909092,0,0.0,0,0.0,0,0.0,0,0.0
PBC,NN,PBC_PBC_GradientBoostingSurvival,0.6666666666666666,0.05,13,12,0.9230769230769232,0.3106060606060606,11.333217975494373,13.248760386666556,0.0048069374170154,0.0031014811672018,1.0268454027775085,0.0,0.0,0.0,0.0,0.0,0.0,11.0,0.9166666666666666,0,0.0,0,0.0,0,0.0,0,0.0
PBC,NN,PBC_PBC_GradientBoostingSurvival,0.6666666666666666,0.1,13,11,0.8461538461538461,0.3057851239669422,11.755765478290195,13.53460680509312,0.0048184270920253,0.0030939554536334,0.6813449456467213,0.0,0.0,0.0,0.0,0.0,0.0,11.0,1.0,0,0.0,0,0.0,0,0.0,0,0.0
PBC,NN,PBC_PBC_GradientBoostingSurvival,0.6666666666666666,0.25,13,13,1.0,0.2972027972027972,12.051507084020706,14.463833692069834,0.0048223749237457,0.0030828191531607,0.6750712216803263,0.0,0.0,0.0,0.0,0.0,0.0,13.0,1.0,0,0.0,0,0.0,0,0.0,0,0.0
PBC,NN,PBC_PBC_GradientBoostingSurvival,0.6666666666666666,0.5,13,12,0.9230769230769232,0.2159090909090909,13.511363307387043,13.815348077002868,0.0047955824168942,0.0030929970853321,0.7651005590387774,0.0,0.0,0.0,0.0,0.0,0.0,12.0,1.0,0,0.0,0,0.0,0,0.0,0,0.0
PBC,NN,PBC_PBC_GradientBoostingSurvival,change_point,0.05,13,13,1.0,0.3531468531468532,10.755703467720856,12.859792582565326,0.0048445610759349,0.0031233866936348,2.2753150397276545,0.0,0.0,0.0,0.0,0.0,0.0,9.0,0.6923076923076923,0,0.0,0,0.0,0,0.0,0,0.0
PBC,NN,PBC_PBC_GradientBoostingSurvival,change_point,0.1,13,13,1.0,0.3531468531468532,10.755703467720856,12.859792582565326,0.0048844455383144,0.0031145338457113,2.2753150397276545,0.0,0.0,0.0,0.0,0.0,0.0,9.0,0.6923076923076923,0,0.0,0,0.0,0,0.0,0,0.0
PBC,NN,PBC_PBC_GradientBoostingSurvival,change_point,0.25,13,13,1.0,0.3531468531468532,10.755703467720856,12.859792582565326,0.0048068057703158,0.0030934366894563,2.2753150397276545,0.0,0.0,0.0,0.0,0.0,0.0,9.0,0.6923076923076923,0,0.0,0,0.0,0,0.0,0,0.0
PBC,NN,PBC_PBC_GradientBoostingSurvival,change_point,0.5,13,13,1.0,0.34265734265734266,10.892778254496578,12.48387925832348,0.0048252672299545,0.0031340179221632,1.9530313759679472,0.0,0.0,0.0,0.0,0.0,0.0,10.0,0.7692307692307693,0,0.0,0,0.0,0,0.0,0,0.0
PBC,NN,PBC_PBC_RSF,0.3333333333333333,0.05,13,11,0.8461538461538461,0.3181818181818182,11.336677677117722,13.558671341948044,0.0158692091803955,0.0137108339073496,0.0705326442110794,0.0,0.0,0.0,0.0,0.0,0.0,11.0,1.0,0,0.0,0,0.0,0,0.0,0,0.0
PBC,NN,PBC_PBC_RSF,0.3333333333333333,0.1,13,12,0.9230769230769232,0.3106060606060606,11.412348466934604,13.527345700547675,0.0154507285842555,0.0137865493319016,0.0661793420834012,0.0,0.0,0.0,0.0,0.0,0.0,12.0,1.0,0,0.0,0,0.0,0,0.0,0,0.0
PBC,NN,PBC_PBC_RSF,0.3333333333333333,0.25,13,12,0.9230769230769232,0.303030303030303,11.922624387370108,13.77945044668649,0.0158626315011739,0.0137466895842711,0.0623092689728216,0.0,0.0,0.0,0.0,0.0,0.0,12.0,1.0,0,0.0,0,0.0,0,0.0,0,0.0
PBC,NN,PBC_PBC_RSF,0.3333333333333333,0.5,13,8,0.6153846153846154,0.23863636363636365,12.99715827507666,13.76038149555128,0.0155104024997854,0.013679333622349,0.0682974055728934,0.0,0.0,0.0,0.0,0.0,0.0,8.0,1.0,0,0.0,0,0.0,0,0.0,0,0.0
PBC,NN,PBC_PBC_RSF,0.6666666666666666,0.05,13,11,0.8461538461538461,0.3181818181818182,11.463319013370576,13.52271731932894,0.015860097179856,0.0139333363648885,0.0664218672005286,0.0,0.0,0.0,0.0,0.0,0.0,11.0,1.0,0,0.0,0,0.0,0,0.0,0,0.0
PBC,NN,PBC_PBC_RSF,0.6666666666666666,0.1,13,13,1.0,0.3146853146853147,11.80211374125982,13.829764727919532,0.0160305155374002,0.0138023813801387,0.0561070301834371,0.0,0.0,0.0,0.0,0.0,0.0,13.0,1.0,0,0.0,0,0.0,0,0.0,0,0.0
PBC,NN,PBC_PBC_RSF,0.6666666666666666,0.25,13,10,0.7692307692307693,0.21818181818181823,13.325372557411251,13.959992221523922,0.0153191949983011,0.0136890341978869,0.0543294658895894,0.0,0.0,0.0,0.0,0.0,0.0,10.0,1.0,0,0.0,0,0.0,0,0.0,0,0.0
PBC,NN,PBC_PBC_RSF,0.6666666666666666,0.5,13,4,0.3076923076923077,0.2840909090909091,15.06830573279148,13.843392107722188,0.0153043807440553,0.0137533609995443,0.0482323114605939,0.0,0.0,0.0,0.0,0.0,0.0,4.0,1.0,0,0.0,0,0.0,0,0.0,0,0.0
PBC,NN,PBC_PBC_RSF,change_point,0.05,12,10,0.8333333333333334,0.3181818181818182,11.482639458836832,13.313629735469648,0.0153353753994451,0.0137510005006333,0.0775859086321869,0.0,0.0,0.0,0.0,0.0,0.0,10.0,1.0,0,0.0,0,0.0,0,0.0,0,0.0
PBC,NN,PBC_PBC_RSF,change_point,0.1,12,12,1.0,0.3181818181818182,11.483644147016586,13.284059215602571,0.0155491008335957,0.0136778011680386,0.0661793420834007,0.0,0.0,0.0,0.0,0.0,0.0,12.0,1.0,0,0.0,0,0.0,0,0.0,0,0.0
PBC,NN,PBC_PBC_RSF,change_point,0.25,12,11,0.9166666666666666,0.30165289256198347,11.746176289153196,13.592635104881689,0.0153699000908421,0.0138538415459069,0.072686609306008,0.0,0.0,0.0,0.0,0.0,0.0,11.0,1.0,0,0.0,0,0.0,0,0.0,0,0.0
PBC,NN,PBC_PBC_RSF,change_point,0.5,12,10,0.8333333333333334,0.29090909090909095,12.110641527155275,14.035413562420388,0.0155937611038098,0.0140069828994455,0.0810826109069283,0.0,0.0,0.0,0.0,0.0,0.0,10.0,1.0,0,0.0,0,0.0,0,0.0,0,0.0
PBC,PSO,PBC_PBC_CoxPH,0.3333333333333333,0.05,13,13,1.0,0.01748251748251742,3.6485241403231807,15.857919217158264,1.9996979720789776,0.0030170444616277,0.365404208442106,0.0,0.0,0.0,0.0,0.0,0.0,13.0,1.0,0,0.0,0,0.0,0,0.0,0,0.0
PBC,PSO,PBC_PBC_CoxPH,0.3333333333333333,0.1,13,13,1.0,0.02447552447552455,4.767764471651292,15.911797704361014,2.023190696151757,0.0030516297690785,0.1881288483186207,0.0,0.0,0.0,0.0,0.0,0.0,13.0,1.0,0,0.0,0,0.0,0,0.0,0,0.0
PBC,PSO,PBC_PBC_CoxPH,0.3333333333333333,0.25,13,13,1.0,0.045454545454545456,4.889955645090387,15.66841689262402,2.0182666716159123,0.0030317137716338,2.611444743130831,0.0,0.0,0.0,0.0,0.0,0.0,10.0,0.7692307692307693,0,0.0,0,0.0,0,0.0,0,0.0
PBC,PSO,PBC_PBC_CoxPH,0.3333333333333333,0.5,13,13,1.0,0.04895104895104894,6.184439493117115,15.853142619274188,2.04741728492417,0.0031095454603648,0.4494378150656666,0.0,0.0,0.0,0.0,0.0,0.0,13.0,1.0,0,0.0,0,0.0,0,0.0,0,0.0
PBC,PSO,PBC_PBC_CoxPH,0.6666666666666666,0.05,13,13,1.0,0.04195804195804181,4.302644999986774,15.785083219342134,2.0448688241550164,0.0030754983834832,0.8543258596035067,0.0,0.0,0.0,0.0,0.0,0.0,12.0,0.9230769230769232,0,0.0,0,0.0,0,0.0,0,0.0
PBC,PSO,PBC_PBC_CoxPH,0.6666666666666666,0.1,13,13,1.0,0.06293706293706287,5.220287468464819,15.541286180625049,2.0321373812341617,0.0030760670768079,5.492631630269947,0.0,0.0,0.0,0.0,0.0,0.0,10.0,0.7692307692307693,0,0.0,0,0.0,0,0.0,0,0.0
PBC,PSO,PBC_PBC_CoxPH,0.6666666666666666,0.25,13,13,1.0,0.05944055944055939,6.59716348766133,16.0196433868463,2.0302928333828905,0.0030485125383935,1.9461371621963983,0.0,0.0,0.0,0.0,0.0,0.0,11.0,0.8461538461538461,0,0.0,0,0.0,0,0.0,0,0.0
PBC,PSO,PBC_PBC_CoxPH,0.6666666666666666,0.5,13,13,1.0,0.12237762237762242,8.117190139766556,15.726072092583198,2.0282204697701114,0.0030753643838509,6.590345293582836,0.0,0.0,0.0,0.0,0.0,0.0,8.0,0.6153846153846154,0,0.0,0,0.0,0,0.0,0,0.0
PBC,PSO,PBC_PBC_CoxPH,change_point,0.05,13,13,1.0,0.038461538461538325,2.83485135250201,15.00510978348384,2.019406068461159,0.0030395984649658,0.223073963668228,0.0,0.0,0.0,0.0,0.0,0.0,13.0,1.0,0,0.0,0,0.0,0,0.0,0,0.0
PBC,PSO,PBC_PBC_CoxPH,change_point,0.1,13,13,1.0,0.01748251748251742,3.979462225758129,15.476619852374418,2.020137116227908,0.0030816459217861,3.3796727095084025,0.0,0.0,0.0,0.0,0.0,0.0,11.0,0.8461538461538461,0,0.0,0,0.0,0,0.0,0,0.0
PBC,PSO,PBC_PBC_CoxPH,change_point,0.25,13,13,1.0,0.08041958041958046,3.8875466758874215,14.791166493243084,2.0186295955376967,0.0030718670784083,3.9545010405718393,0.0,0.0,0.0,0.0,0.0,0.0,11.0,0.8461538461538461,0,0.0,0,0.0,0,0.0,0,0.0
PBC,PSO,PBC_PBC_CoxPH,change_point,0.5,13,13,1.0,0.06993006993007,4.250401136328417,14.96631161091543,2.01887822115364,0.0031022838442228,2.203757584114383,0.0,0.0,0.0,0.0,0.0,0.0,12.0,0.9230769230769232,0,0.0,0,0.0,0,0.0,0,0.0
PBC,PSO,PBC_PBC_DeepHIT,0.3333333333333333,0.05,13,13,1.0,0.006993006993006968,3.166750769709876,15.619121012418036,3.0552650201559746,0.0045524039216196,0.402087761664106,0.0,0.0,0.0,0.0,0.0,0.0,13.0,1.0,0,0.0,0,0.0,0,0.0,0,0.0
PBC,PSO,PBC_PBC_DeepHIT,0.3333333333333333,0.1,13,13,1.0,0.01748251748251742,3.336256077694969,15.316368230999672,3.867781255922567,0.0064783318465253,0.4760041731577453,0.0,0.0,0.0,0.0,0.0,0.0,13.0,1.0,0,0.0,0,0.0,0,0.0,0,0.0
PBC,PSO,PBC_PBC_DeepHIT,0.3333333333333333,0.25,13,13,1.0,0.045454545454545456,5.738495141160723,15.589875566690107,3.6427126256928135,0.004944233153275,0.3935931049058195,0.0,0.0,0.0,0.0,0.0,0.0,13.0,1.0,0,0.0,0,0.0,0,0.0,0,0.0
PBC,PSO,PBC_PBC_DeepHIT,0.3333333333333333,0.5,13,13,1.0,0.02447552447552455,6.999436777222408,16.41897323688611,3.602913847231181,0.0048662125381479,0.335297354376262,0.0,0.0,0.0,0.0,0.0,0.0,13.0,1.0,0,0.0,0,0.0,0,0.0,0,0.0
PBC,PSO,PBC_PBC_DeepHIT,0.6666666666666666,0.05,13,13,1.0,0.010489510489510452,5.259483263966827,15.841531157671517,5.054603262846985,0.0068715686144199,0.3508077988607473,0.0,0.0,0.0,0.0,0.0,0.0,13.0,1.0,0,0.0,0,0.0,0,0.0,0,0.0
PBC,PSO,PBC_PBC_DeepHIT,0.6666666666666666,0.1,13,13,1.0,0.038461538461538325,6.259575811276132,15.890961850179352,3.5187550659958595,0.0055490424632667,0.3971749452736922,0.0,0.0,0.0,0.0,0.0,0.0,13.0,1.0,0,0.0,0,0.0,0,0.0,0,0.0
PBC,PSO,PBC_PBC_DeepHIT,0.6666666666666666,0.25,13,13,1.0,0.027972027972028034,8.01938451339699,16.394291789743907,3.291561953538733,0.0049745560010286,0.3533007930445296,0.0,0.0,0.0,0.0,0.0,0.0,13.0,1.0,0,0.0,0,0.0,0,0.0,0,0.0
PBC,PSO,PBC_PBC_DeepHIT,0.6666666666666666,0.5,13,13,1.0,0.003496503496503484,12.906155504962475,17.40105958278965,3.459595621536629,0.0052465147690292,0.2989657012735484,0.0,0.0,0.0,0.0,0.0,0.0,13.0,1.0,0,0.0,0,0.0,0,0.0,0,0.0
PBC,PSO,PBC_PBC_DeepHIT,change_point,0.05,13,13,1.0,0.045454545454545456,5.81460197137943,15.438395854577712,3.5370393830761224,0.0051098106912552,0.3545618311967822,0.0,0.0,0.0,0.0,0.0,0.0,13.0,1.0,0,0.0,0,0.0,0,0.0,0,0.0
PBC,PSO,PBC_PBC_DeepHIT,change_point,0.1,13,13,1.0,0.05944055944055939,6.307950745394079,15.514921601345586,3.946240900076541,0.0063142611548895,0.4120331785682909,0.0,0.0,0.0,0.0,0.0,0.0,13.0,1.0,0,0.0,0,0.0,0,0.0,0,0.0
PBC,PSO,PBC_PBC_DeepHIT,change_point,0.25,13,13,1.0,0.01748251748251742,5.681968602383525,16.054350876328712,3.4987503476161064,0.0049952503826576,0.3471002381031519,0.0,0.0,0.0,0.0,0.0,0.0,13.0,1.0,0,0.0,0,0.0,0,0.0,0,0.0
PBC,PSO,PBC_PBC_DeepHIT,change_point,0.5,13,13,1.0,0.01748251748251742,5.892291356914346,15.602329939301756,3.5421046541529133,0.0053768946930246,0.2886343180060438,0.0,0.0,0.0,0.0,0.0,0.0,13.0,1.0,0,0.0,0,0.0,0,0.0,0,0.0
PBC,PSO,PBC_PBC_GradientBoostingSurvival,0.3333333333333333,0.05,13,13,1.0,0.01748251748251742,2.1605107590032984,15.12464296561089,2.0543031604644897,0.0031005515394589,3.5989056915461224,0.0,0.0,0.0,0.0,0.0,0.0,4.0,0.3076923076923077,0,0.0,0,0.0,0,0.0,0,0.0
PBC,PSO,PBC_PBC_GradientBoostingSurvival,0.3333333333333333,0.1,13,13,1.0,0.06293706293706287,3.790229810474246,14.99153996811838,2.084666237231711,0.0031345032318942,3.141103646259344,0.0,0.0,0.0,0.0,0.0,0.0,4.0,0.3076923076923077,0,0.0,0,0.0,0,0.0,0,0.0
PBC,PSO,PBC_PBC_GradientBoostingSurvival,0.3333333333333333,0.25,13,13,1.0,0.03146853146853152,5.372001005016842,16.02549162407208,2.098663500842612,0.0031434901499708,3.087572972400843,0.0,0.0,0.0,0.0,0.0,0.0,5.0,0.3846153846153846,0,0.0,0,0.0,0,0.0,0,0.0
PBC,PSO,PBC_PBC_GradientBoostingSurvival,0.3333333333333333,0.5,13,13,1.0,0.08041958041958046,7.1023343718682685,15.477054025598484,2.096577464695796,0.0031832249996324,1.752857486142018,0.0,0.0,0.0,0.0,0.0,0.0,10.0,0.7692307692307693,0,0.0,0,0.0,0,0.0,0,0.0
PBC,PSO,PBC_PBC_GradientBoostingSurvival,0.6666666666666666,0.05,13,13,1.0,0.10489510489510484,6.807065376861775,15.538847624728454,2.0930336628471897,0.0032089759210626,1.287685434939297,0.0,0.0,0.0,0.0,0.0,0.0,11.0,0.8461538461538461,0,0.0,0,0.0,0,0.0,0,0.0
PBC,PSO,PBC_PBC_GradientBoostingSurvival,0.6666666666666666,0.1,13,13,1.0,0.06643356643356636,7.308419706174068,15.861411158032592,2.0918250916136176,0.0031660524624525,0.9284578846439402,0.0,0.0,0.0,0.0,0.0,0.0,12.0,0.9230769230769232,0,0.0,0,0.0,0,0.0,0,0.0
PBC,PSO,PBC_PBC_GradientBoostingSurvival,0.6666666666666666,0.25,13,13,1.0,0.05594405594405591,8.441732204838347,16.427471134793493,2.0817326323079985,0.0032012526151867,0.6842014789752141,0.0,0.0,0.0,0.0,0.0,0.0,13.0,1.0,0,0.0,0,0.0,0,0.0,0,0.0
PBC,PSO,PBC_PBC_GradientBoostingSurvival,0.6666666666666666,0.5,13,13,1.0,0.11538461538461546,10.3198322015783,15.959508571141727,2.0789416306114825,0.0031542946179307,0.7446196272470529,0.0,0.0,0.0,0.0,0.0,0.0,13.0,1.0,0,0.0,0,0.0,0,0.0,0,0.0
PBC,PSO,PBC_PBC_GradientBoostingSurvival,change_point,0.05,13,13,1.0,0.006993006993006968,1.9376607335674183,15.481459339172906,2.072359682383159,0.003123320078325,3.6245725914477194,0.0,0.0,0.0,0.0,0.0,0.0,4.0,0.3076923076923077,0,0.0,0,0.0,0,0.0,0,0.0
PBC,PSO,PBC_PBC_GradientBoostingSurvival,change_point,0.1,13,13,1.0,0.045454545454545456,2.585607160769986,14.925896401406415,2.0715812430750637,0.003186774615852,3.296122916306045,0.0,0.0,0.0,0.0,0.0,0.0,4.0,0.3076923076923077,0,0.0,0,0.0,0,0.0,0,0.0
PBC,PSO,PBC_PBC_GradientBoostingSurvival,change_point,0.25,13,13,1.0,0.05594405594405591,4.130517149129815,15.139643618743603,2.070666204693575,0.0031207779214198,3.018228152805039,0.0,0.0,0.0,0.0,0.0,0.0,6.0,0.4615384615384615,0,0.0,0,0.0,0,0.0,0,0.0
PBC,PSO,PBC_PBC_GradientBoostingSurvival,change_point,0.5,13,13,1.0,0.027972027972028034,6.059969955835966,16.271450098506733,2.0671793239229235,0.0031410619961276,2.2943737835085765,0.0,0.0,0.0,0.0,0.0,0.0,8.0,0.6153846153846154,0,0.0,0,0.0,0,0.0,0,0.0
PBC,PSO,PBC_PBC_RSF,0.3333333333333333,0.05,13,13,1.0,0.04895104895104894,4.561559671832886,15.329011618947074,7.799395566158077,0.0143983445405655,0.0522793772178559,0.0,0.0,0.0,0.0,0.0,0.0,13.0,1.0,0,0.0,0,0.0,0,0.0,0,0.0
PBC,PSO,PBC_PBC_RSF,0.3333333333333333,0.1,13,13,1.0,0.045454545454545456,4.791847476032307,15.732812647956369,7.819950674924677,0.0138261094622206,0.055149680399741,0.0,0.0,0.0,0.0,0.0,0.0,13.0,1.0,0,0.0,0,0.0,0,0.0,0,0.0
PBC,PSO,PBC_PBC_RSF,0.3333333333333333,0.25,13,13,1.0,0.12587412587412591,8.723826572398158,15.66243727383365,7.806482009921008,0.0138517296906614,0.0569776991361174,0.0,0.0,0.0,0.0,0.0,0.0,13.0,1.0,0,0.0,0,0.0,0,0.0,0,0.0
PBC,PSO,PBC_PBC_RSF,0.3333333333333333,0.5,13,11,0.8461538461538461,0.14876033057851243,10.465821708380618,15.246545016347392,7.815178263450931,0.0142043139997192,0.0731286583474545,0.0,0.0,0.0,0.0,0.0,0.0,11.0,1.0,0,0.0,0,0.0,0,0.0,0,0.0
PBC,PSO,PBC_PBC_RSF,0.6666666666666666,0.05,13,13,1.0,0.045454545454545456,5.038827473868082,15.796065370644495,7.818616686000426,0.0139155322305249,0.0595673411479066,0.0,0.0,0.0,0.0,0.0,0.0,13.0,1.0,0,0.0,0,0.0,0,0.0,0,0.0
PBC,PSO,PBC_PBC_RSF,0.6666666666666666,0.1,13,13,1.0,0.07692307692307697,6.9376270775634605,16.060322735133873,7.828687111922101,0.013895473692593,0.0671313670946439,0.0,0.0,0.0,0.0,0.0,0.0,13.0,1.0,0,0.0,0,0.0,0,0.0,0,0.0
PBC,PSO,PBC_PBC_RSF,0.6666666666666666,0.25,13,12,0.9230769230769232,0.08333333333333327,9.941145444655268,16.008229834136426,7.846823396249722,0.014799457835276,0.0630465933737699,0.0,0.0,0.0,0.0,0.0,0.0,12.0,1.0,0,0.0,0,0.0,0,0.0,0,0.0
PBC,PSO,PBC_PBC_RSF,0.6666666666666666,0.5,13,5,0.3846153846153846,0.22727272727272727,14.366654007095692,14.911559853000067,7.868928138399497,0.0140722765994723,0.0690876946508163,0.0,0.0,0.0,0.0,0.0,0.0,5.0,1.0,0,0.0,0,0.0,0,0.0,0,0.0
PBC,PSO,PBC_PBC_RSF,change_point,0.05,12,12,1.0,0.02651515151515146,3.45819339277158,14.987341866701804,7.846278739169065,0.013961680833745,0.0525352562282035,0.0,0.0,0.0,0.0,0.0,0.0,12.0,1.0,0,0.0,0,0.0,0,0.0,0,0.0
PBC,PSO,PBC_PBC_RSF,change_point,0.1,12,12,1.0,0.056818181818181816,5.952489471698024,14.8419236336823,7.830790334246558,0.0138100652475259,0.0553878784297669,0.0,0.0,0.0,0.0,0.0,0.0,12.0,1.0,0,0.0,0,0.0,0,0.0,0,0.0
PBC,PSO,PBC_PBC_RSF,change_point,0.25,12,11,0.9166666666666666,0.049586776859504085,6.543483908348848,15.248488790541131,7.850850414274398,0.013963008271689,0.0746757399533581,0.0,0.0,0.0,0.0,0.0,0.0,11.0,1.0,0,0.0,0,0.0,0,0.0,0,0.0
PBC,PSO,PBC_PBC_RSF,change_point,0.5,12,11,0.9166666666666666,0.09917355371900834,9.015639588429035,15.233120191310553,7.858394988365365,0.0142155419109092,0.073660998147954,0.0,0.0,0.0,0.0,0.0,0.0,11.0,1.0,0,0.0,0,0.0,0,0.0,0,0.0
